Index,AISC_Manual_Label,Type,W,A,OD,ID,tnom,tdes,D/t,Ix,Zx,Sx,rx,Iy,Zy,Sy,ry,J,C
HSS28X1.000,HSS28.000X1.000,RoundHSS,288.63 plf,79.1 in ** 2,28.0 in,26.14 in,1.0 in,0.93 in,30.1,7250.0 in ** 4,682.0 in ** 3,518.0 in ** 3,9.58 in,7250.0 in ** 4,682.0 in ** 3,518.0 in ** 3,9.58 in,14500.0 in ** 4,1030.0 in ** 3
HSS28X.875,HSS28.000X0.875,RoundHSS,253.72 plf,69.5 in ** 2,28.0 in,26.372 in,0.875 in,0.814 in,34.4,6430.0 in ** 4,602.0 in ** 3,459.0 in ** 3,9.62 in,6430.0 in ** 4,602.0 in ** 3,459.0 in ** 3,9.62 in,12900.0 in ** 4,917.0 in ** 3
HSS28X.750,HSS28.000X0.750,RoundHSS,218.48 plf,59.8 in ** 2,28.0 in,26.604 in,0.75 in,0.698 in,40.1,5580.0 in ** 4,520.0 in ** 3,398.0 in ** 3,9.66 in,5580.0 in ** 4,520.0 in ** 3,398.0 in ** 3,9.66 in,11200.0 in ** 4,796.0 in ** 3
HSS28X.625,HSS28.000X0.625,RoundHSS,182.9 plf,50.1 in ** 2,28.0 in,26.838 in,0.625 in,0.581 in,48.2,4710.0 in ** 4,437.0 in ** 3,336.0 in ** 3,9.7 in,4710.0 in ** 4,437.0 in ** 3,336.0 in ** 3,9.7 in,9410.0 in ** 4,672.0 in ** 3
HSS28X.500,HSS28.000X0.500,RoundHSS,146.99 plf,40.2 in ** 2,28.0 in,27.07 in,0.5 in,0.465 in,60.2,3810.0 in ** 4,353.0 in ** 3,272.0 in ** 3,9.74 in,3810.0 in ** 4,353.0 in ** 3,272.0 in ** 3,9.74 in,7630.0 in ** 4,544.0 in ** 3
HSS28X.375,HSS28.000X0.375,RoundHSS,110.74 plf,30.3 in ** 2,28.0 in,27.302 in,0.375 in,0.349 in,80.3,2900.0 in ** 4,267.0 in ** 3,207.0 in ** 3,9.78 in,2900.0 in ** 4,267.0 in ** 3,207.0 in ** 3,9.78 in,5790.0 in ** 4,414.0 in ** 3
HSS26X.750,HSS26.000X0.750,RoundHSS,202.44 plf,55.4 in ** 2,26.0 in,24.604 in,0.75 in,0.698 in,37.3,4440.0 in ** 4,447.0 in ** 3,342.0 in ** 3,8.95 in,4440.0 in ** 4,447.0 in ** 3,342.0 in ** 3,8.95 in,8880.0 in ** 4,682.0 in ** 3
HSS26X.625,HSS26.000X0.625,RoundHSS,169.54 plf,46.4 in ** 2,26.0 in,24.838 in,0.625 in,0.581 in,44.7,3750.0 in ** 4,376.0 in ** 3,289.0 in ** 3,8.99 in,3750.0 in ** 4,376.0 in ** 3,289.0 in ** 3,8.99 in,7500.0 in ** 4,577.0 in ** 3
HSS26X.500,HSS26.000X0.500,RoundHSS,136.3 plf,37.3 in ** 2,26.0 in,25.07 in,0.5 in,0.465 in,55.9,3040.0 in ** 4,303.0 in ** 3,234.0 in ** 3,9.03 in,3040.0 in ** 4,303.0 in ** 3,234.0 in ** 3,9.03 in,6080.0 in ** 4,468.0 in ** 3
HSS26X.375,HSS26.000X0.375,RoundHSS,102.73 plf,28.1 in ** 2,26.0 in,25.302 in,0.375 in,0.349 in,74.6,2310.0 in ** 4,229.0 in ** 3,178.0 in ** 3,9.07 in,2310.0 in ** 4,229.0 in ** 3,178.0 in ** 3,9.07 in,4620.0 in ** 4,356.0 in ** 3
HSS26X.313,HSS26.000X0.313,RoundHSS,85.81 plf,23.5 in ** 2,26.0 in,25.418 in,0.313 in,0.291 in,89.5,1940.0 in ** 4,192.0 in ** 3,149.0 in ** 3,9.09 in,1940.0 in ** 4,192.0 in ** 3,149.0 in ** 3,9.09 in,3880.0 in ** 4,298.0 in ** 3
HSS24X1.000,HSS24.000X1.000,RoundHSS,245.87 plf,67.4 in ** 2,24.0 in,22.14 in,1.0 in,0.93 in,25.8,4490.0 in ** 4,495.0 in ** 3,374.0 in ** 3,8.16 in,4490.0 in ** 4,495.0 in ** 3,374.0 in ** 3,8.16 in,8980.0 in ** 4,746.0 in ** 3
HSS24X.875,HSS24.000X0.875,RoundHSS,216.31 plf,59.3 in ** 2,24.0 in,22.372 in,0.875 in,0.814 in,29.5,3990.0 in ** 4,438.0 in ** 3,332.0 in ** 3,8.2 in,3990.0 in ** 4,438.0 in ** 3,332.0 in ** 3,8.2 in,7980.0 in ** 4,663.0 in ** 3
HSS24X.750,HSS24.000X0.750,RoundHSS,186.41 plf,51.1 in ** 2,24.0 in,22.604 in,0.75 in,0.698 in,34.4,3470.0 in ** 4,379.0 in ** 3,289.0 in ** 3,8.24 in,3470.0 in ** 4,379.0 in ** 3,289.0 in ** 3,8.24 in,6940.0 in ** 4,577.0 in ** 3
HSS24X.625,HSS24.000X0.625,RoundHSS,156.18 plf,42.8 in ** 2,24.0 in,22.838 in,0.625 in,0.581 in,41.3,2930.0 in ** 4,319.0 in ** 3,244.0 in ** 3,8.28 in,2930.0 in ** 4,319.0 in ** 3,244.0 in ** 3,8.28 in,5870.0 in ** 4,488.0 in ** 3
HSS24X.500,HSS24.000X0.500,RoundHSS,125.61 plf,34.4 in ** 2,24.0 in,23.07 in,0.5 in,0.465 in,51.6,2380.0 in ** 4,258.0 in ** 3,198.0 in ** 3,8.32 in,2380.0 in ** 4,258.0 in ** 3,198.0 in ** 3,8.32 in,4760.0 in ** 4,397.0 in ** 3
HSS24X.375,HSS24.000X0.375,RoundHSS,94.71 plf,25.9 in ** 2,24.0 in,23.302 in,0.375 in,0.349 in,68.8,1810.0 in ** 4,195.0 in ** 3,151.0 in ** 3,8.36 in,1810.0 in ** 4,195.0 in ** 3,151.0 in ** 3,8.36 in,3620.0 in ** 4,302.0 in ** 3
HSS24X.313,HSS24.000X0.313,RoundHSS,79.13 plf,21.6 in ** 2,24.0 in,23.418 in,0.313 in,0.291 in,82.6,1520.0 in ** 4,163.0 in ** 3,127.0 in ** 3,8.38 in,1520.0 in ** 4,163.0 in ** 3,127.0 in ** 3,8.38 in,3040.0 in ** 4,253.0 in ** 3
HSS22X.750,HSS22.000X0.750,RoundHSS,170.37 plf,46.7 in ** 2,22.0 in,20.604 in,0.75 in,0.698 in,31.5,2650.0 in ** 4,317.0 in ** 3,241.0 in ** 3,7.54 in,2650.0 in ** 4,317.0 in ** 3,241.0 in ** 3,7.54 in,5300.0 in ** 4,481.0 in ** 3
HSS22X.625,HSS22.000X0.625,RoundHSS,142.81 plf,39.1 in ** 2,22.0 in,20.838 in,0.625 in,0.581 in,37.8,2240.0 in ** 4,267.0 in ** 3,204.0 in ** 3,7.58 in,2240.0 in ** 4,267.0 in ** 3,204.0 in ** 3,7.58 in,4490.0 in ** 4,408.0 in ** 3
HSS22X.500,HSS22.000X0.500,RoundHSS,114.92 plf,31.5 in ** 2,22.0 in,21.07 in,0.5 in,0.465 in,47.3,1820.0 in ** 4,216.0 in ** 3,166.0 in ** 3,7.62 in,1820.0 in ** 4,216.0 in ** 3,166.0 in ** 3,7.62 in,3650.0 in ** 4,331.0 in ** 3
HSS22X.375,HSS22.000X0.375,RoundHSS,86.69 plf,23.7 in ** 2,22.0 in,21.302 in,0.375 in,0.349 in,63.1,1390.0 in ** 4,163.0 in ** 3,126.0 in ** 3,7.66 in,1390.0 in ** 4,163.0 in ** 3,126.0 in ** 3,7.66 in,2780.0 in ** 4,253.0 in ** 3
HSS22X.313,HSS22.000X0.313,RoundHSS,72.45 plf,19.8 in ** 2,22.0 in,21.418 in,0.313 in,0.291 in,75.7,1170.0 in ** 4,137.0 in ** 3,106.0 in ** 3,7.68 in,1170.0 in ** 4,137.0 in ** 3,106.0 in ** 3,7.68 in,2340.0 in ** 4,212.0 in ** 3
HSS20X1.000,HSS20.000X1.000,RoundHSS,203.11 plf,55.7 in ** 2,20.0 in,18.14 in,1.0 in,0.93 in,21.5,2540.0 in ** 4,338.0 in ** 3,254.0 in ** 3,6.75 in,2540.0 in ** 4,338.0 in ** 3,254.0 in ** 3,6.75 in,5080.0 in ** 4,506.0 in ** 3
HSS20X.875,HSS20.000X0.875,RoundHSS,178.89 plf,49.0 in ** 2,20.0 in,18.372 in,0.875 in,0.814 in,24.6,2260.0 in ** 4,300.0 in ** 3,226.0 in ** 3,6.79 in,2260.0 in ** 4,300.0 in ** 3,226.0 in ** 3,6.79 in,4520.0 in ** 4,451.0 in ** 3
HSS20X.750,HSS20.000X0.750,RoundHSS,154.34 plf,42.3 in ** 2,20.0 in,18.604 in,0.75 in,0.698 in,28.7,1970.0 in ** 4,260.0 in ** 3,197.0 in ** 3,6.83 in,1970.0 in ** 4,260.0 in ** 3,197.0 in ** 3,6.83 in,3940.0 in ** 4,394.0 in ** 3
HSS20X.625,HSS20.000X0.625,RoundHSS,129.45 plf,35.5 in ** 2,20.0 in,18.838 in,0.625 in,0.581 in,34.4,1670.0 in ** 4,219.0 in ** 3,167.0 in ** 3,6.87 in,1670.0 in ** 4,219.0 in ** 3,167.0 in ** 3,6.87 in,3350.0 in ** 4,334.0 in ** 3
HSS20X.500,HSS20.000X0.500,RoundHSS,104.0 plf,28.5 in ** 2,20.0 in,19.07 in,0.5 in,0.465 in,43.0,1360.0 in ** 4,177.0 in ** 3,136.0 in ** 3,6.91 in,1360.0 in ** 4,177.0 in ** 3,136.0 in ** 3,6.91 in,2720.0 in ** 4,272.0 in ** 3
HSS20X.375,HSS20.000X0.375,RoundHSS,78.67 plf,21.5 in ** 2,20.0 in,19.302 in,0.375 in,0.349 in,57.3,1040.0 in ** 4,135.0 in ** 3,104.0 in ** 3,6.95 in,1040.0 in ** 4,135.0 in ** 3,104.0 in ** 3,6.95 in,2080.0 in ** 4,208.0 in ** 3
HSS20X.313,HSS20.000X0.313,RoundHSS,65.77 plf,18.0 in ** 2,20.0 in,19.418 in,0.313 in,0.291 in,68.8,874.0 in ** 4,113.0 in ** 3,87.4 in ** 3,6.97 in,874.0 in ** 4,113.0 in ** 3,87.4 in ** 3,6.97 in,1750.0 in ** 4,175.0 in ** 3
HSS20X.250,HSS20.000X0.250,RoundHSS,52.78 plf,14.4 in ** 2,20.0 in,19.534 in,0.25 in,0.233 in,86.0,705.0 in ** 4,90.9 in ** 3,70.5 in ** 3,6.99 in,705.0 in ** 4,90.9 in ** 3,70.5 in ** 3,6.99 in,1410.0 in ** 4,141.0 in ** 3
HSS18X1.000,HSS18.000X1.000,RoundHSS,181.73 plf,49.9 in ** 2,18.0 in,16.14 in,1.0 in,0.93 in,19.4,1820.0 in ** 4,271.0 in ** 3,202.0 in ** 3,6.04 in,1820.0 in ** 4,271.0 in ** 3,202.0 in ** 3,6.04 in,3640.0 in ** 4,403.0 in ** 3
HSS18X.875,HSS18.000X0.875,RoundHSS,160.19 plf,43.9 in ** 2,18.0 in,16.372 in,0.875 in,0.814 in,22.1,1630.0 in ** 4,241.0 in ** 3,181.0 in ** 3,6.08 in,1630.0 in ** 4,241.0 in ** 3,181.0 in ** 3,6.08 in,3250.0 in ** 4,360.0 in ** 3
HSS18X.750,HSS18.000X0.750,RoundHSS,138.3 plf,37.9 in ** 2,18.0 in,16.604 in,0.75 in,0.698 in,25.8,1420.0 in ** 4,209.0 in ** 3,158.0 in ** 3,6.12 in,1420.0 in ** 4,209.0 in ** 3,158.0 in ** 3,6.12 in,2840.0 in ** 4,315.0 in ** 3
HSS18X.625,HSS18.000X0.625,RoundHSS,116.09 plf,31.8 in ** 2,18.0 in,16.838 in,0.625 in,0.581 in,31.0,1210.0 in ** 4,176.0 in ** 3,134.0 in ** 3,6.16 in,1210.0 in ** 4,176.0 in ** 3,134.0 in ** 3,6.16 in,2420.0 in ** 4,268.0 in ** 3
HSS18X.500,HSS18.000X0.500,RoundHSS,93.54 plf,25.6 in ** 2,18.0 in,17.07 in,0.5 in,0.465 in,38.7,985.0 in ** 4,143.0 in ** 3,109.0 in ** 3,6.2 in,985.0 in ** 4,143.0 in ** 3,109.0 in ** 3,6.2 in,1970.0 in ** 4,219.0 in ** 3
HSS18X.375,HSS18.000X0.375,RoundHSS,70.66 plf,19.4 in ** 2,18.0 in,17.302 in,0.375 in,0.349 in,51.6,754.0 in ** 4,109.0 in ** 3,83.8 in ** 3,6.24 in,754.0 in ** 4,109.0 in ** 3,83.8 in ** 3,6.24 in,1510.0 in ** 4,168.0 in ** 3
HSS18X.313,HSS18.000X0.313,RoundHSS,59.09 plf,16.2 in ** 2,18.0 in,17.418 in,0.313 in,0.291 in,61.9,634.0 in ** 4,91.2 in ** 3,70.4 in ** 3,6.26 in,634.0 in ** 4,91.2 in ** 3,70.4 in ** 3,6.26 in,1270.0 in ** 4,141.0 in ** 3
HSS18X.250,HSS18.000X0.250,RoundHSS,47.44 plf,13.0 in ** 2,18.0 in,17.534 in,0.25 in,0.233 in,77.4,512.0 in ** 4,73.4 in ** 3,56.9 in ** 3,6.28 in,512.0 in ** 4,73.4 in ** 3,56.9 in ** 3,6.28 in,1020.0 in ** 4,114.0 in ** 3
HSS16X1.000,HSS16.000X1.000,RoundHSS,160.35 plf,44.0 in ** 2,16.0 in,14.14 in,1.0 in,0.93 in,17.2,1250.0 in ** 4,211.0 in ** 3,157.0 in ** 3,5.34 in,1250.0 in ** 4,211.0 in ** 3,157.0 in ** 3,5.34 in,2510.0 in ** 4,312.0 in ** 3
HSS16X.875,HSS16.000X0.875,RoundHSS,141.48 plf,38.8 in ** 2,16.0 in,14.372 in,0.875 in,0.814 in,19.7,1120.0 in ** 4,188.0 in ** 3,140.0 in ** 3,5.38 in,1120.0 in ** 4,188.0 in ** 3,140.0 in ** 3,5.38 in,2240.0 in ** 4,279.0 in ** 3
HSS16X.750,HSS16.000X0.750,RoundHSS,122.27 plf,33.5 in ** 2,16.0 in,14.604 in,0.75 in,0.698 in,22.9,984.0 in ** 4,163.0 in ** 3,123.0 in ** 3,5.42 in,984.0 in ** 4,163.0 in ** 3,123.0 in ** 3,5.42 in,1970.0 in ** 4,245.0 in ** 3
HSS16X.625,HSS16.000X0.625,RoundHSS,103.0 plf,28.1 in ** 2,16.0 in,14.838 in,0.625 in,0.581 in,27.5,838.0 in ** 4,138.0 in ** 3,105.0 in ** 3,5.46 in,838.0 in ** 4,138.0 in ** 3,105.0 in ** 3,5.46 in,1680.0 in ** 4,209.0 in ** 3
HSS16X.500,HSS16.000X0.500,RoundHSS,82.85 plf,22.7 in ** 2,16.0 in,15.07 in,0.5 in,0.465 in,34.4,685.0 in ** 4,112.0 in ** 3,85.7 in ** 3,5.49 in,685.0 in ** 4,112.0 in ** 3,85.7 in ** 3,5.49 in,1370.0 in ** 4,171.0 in ** 3
HSS16X.438,HSS16.000X0.438,RoundHSS,72.87 plf,19.9 in ** 2,16.0 in,15.186 in,0.438 in,0.407 in,39.3,606.0 in ** 4,99.0 in ** 3,75.8 in ** 3,5.51 in,606.0 in ** 4,99.0 in ** 3,75.8 in ** 3,5.51 in,1210.0 in ** 4,152.0 in ** 3
HSS16X.375,HSS16.000X0.375,RoundHSS,62.64 plf,17.2 in ** 2,16.0 in,15.302 in,0.375 in,0.349 in,45.8,526.0 in ** 4,85.5 in ** 3,65.7 in ** 3,5.53 in,526.0 in ** 4,85.5 in ** 3,65.7 in ** 3,5.53 in,1050.0 in ** 4,131.0 in ** 3
HSS16X.312,HSS16.000X0.312,RoundHSS,52.32 plf,14.4 in ** 2,16.0 in,15.418 in,0.312 in,0.291 in,55.0,443.0 in ** 4,71.8 in ** 3,55.4 in ** 3,5.55 in,443.0 in ** 4,71.8 in ** 3,55.4 in ** 3,5.55 in,886.0 in ** 4,111.0 in ** 3
HSS16X.250,HSS16.000X0.250,RoundHSS,42.09 plf,11.5 in ** 2,16.0 in,15.534 in,0.25 in,0.233 in,68.7,359.0 in ** 4,57.9 in ** 3,44.8 in ** 3,5.58 in,359.0 in ** 4,57.9 in ** 3,44.8 in ** 3,5.58 in,717.0 in ** 4,89.7 in ** 3
HSS14X1.000,HSS14.000X1.000,RoundHSS,138.97 plf,38.2 in ** 2,14.0 in,12.14 in,1.0 in,0.93 in,15.1,820.0 in ** 4,159.0 in ** 3,117.0 in ** 3,4.63 in,820.0 in ** 4,159.0 in ** 3,117.0 in ** 3,4.63 in,1640.0 in ** 4,232.0 in ** 3
HSS14X.875,HSS14.000X0.875,RoundHSS,122.77 plf,33.7 in ** 2,14.0 in,12.372 in,0.875 in,0.814 in,17.2,735.0 in ** 4,142.0 in ** 3,105.0 in ** 3,4.67 in,735.0 in ** 4,142.0 in ** 3,105.0 in ** 3,4.67 in,1470.0 in ** 4,209.0 in ** 3
HSS14X.750,HSS14.000X0.750,RoundHSS,106.23 plf,29.1 in ** 2,14.0 in,12.604 in,0.75 in,0.698 in,20.1,647.0 in ** 4,124.0 in ** 3,92.4 in ** 3,4.71 in,647.0 in ** 4,124.0 in ** 3,92.4 in ** 3,4.71 in,1290.0 in ** 4,184.0 in ** 3
HSS14X.625,HSS14.000X0.625,RoundHSS,89.36 plf,24.5 in ** 2,14.0 in,12.838 in,0.625 in,0.581 in,24.1,552.0 in ** 4,105.0 in ** 3,78.9 in ** 3,4.75 in,552.0 in ** 4,105.0 in ** 3,78.9 in ** 3,4.75 in,1100.0 in ** 4,158.0 in ** 3
HSS14X.500,HSS14.000X0.500,RoundHSS,72.16 plf,19.8 in ** 2,14.0 in,13.07 in,0.5 in,0.465 in,30.1,453.0 in ** 4,85.2 in ** 3,64.8 in ** 3,4.79 in,453.0 in ** 4,85.2 in ** 3,64.8 in ** 3,4.79 in,907.0 in ** 4,130.0 in ** 3
HSS14X.375,HSS14.000X0.375,RoundHSS,54.62 plf,15.0 in ** 2,14.0 in,13.302 in,0.375 in,0.349 in,40.1,349.0 in ** 4,65.1 in ** 3,49.8 in ** 3,4.83 in,349.0 in ** 4,65.1 in ** 3,49.8 in ** 3,4.83 in,698.0 in ** 4,100.0 in ** 3
HSS14X.312,HSS14.000X0.312,RoundHSS,45.65 plf,12.5 in ** 2,14.0 in,13.418 in,0.312 in,0.291 in,48.1,295.0 in ** 4,54.7 in ** 3,42.1 in ** 3,4.85 in,295.0 in ** 4,54.7 in ** 3,42.1 in ** 3,4.85 in,589.0 in ** 4,84.2 in ** 3
HSS14X.250,HSS14.000X0.250,RoundHSS,36.75 plf,10.1 in ** 2,14.0 in,13.534 in,0.25 in,0.233 in,60.1,239.0 in ** 4,44.2 in ** 3,34.1 in ** 3,4.87 in,239.0 in ** 4,44.2 in ** 3,34.1 in ** 3,4.87 in,478.0 in ** 4,68.2 in ** 3
HSS14X.188,HSS14.000X0.188,RoundHSS,27.69 plf,7.57 in ** 2,14.0 in,13.652 in,0.188 in,0.174 in,80.3,181.0 in ** 4,33.3 in ** 3,25.9 in ** 3,4.89 in,181.0 in ** 4,33.3 in ** 3,25.9 in ** 3,4.89 in,362.0 in ** 4,51.7 in ** 3
HSS13.375X.625,HSS13.375X0.625,RoundHSS,85.19 plf,23.4 in ** 2,13.4 in,12.238 in,0.625 in,0.581 in,23.0,479.0 in ** 4,95.2 in ** 3,71.6 in ** 3,4.53 in,479.0 in ** 4,95.2 in ** 3,71.6 in ** 3,4.53 in,958.0 in ** 4,143.0 in ** 3
HSS13.375X.500,HSS13.375X0.500,RoundHSS,68.82 plf,18.9 in ** 2,13.4 in,12.47 in,0.5 in,0.465 in,28.8,393.0 in ** 4,77.5 in ** 3,58.8 in ** 3,4.57 in,393.0 in ** 4,77.5 in ** 3,58.8 in ** 3,4.57 in,787.0 in ** 4,117.0 in ** 3
HSS13.375X.375,HSS13.375X0.375,RoundHSS,52.11 plf,14.3 in ** 2,13.4 in,12.702 in,0.375 in,0.349 in,38.4,303.0 in ** 4,59.2 in ** 3,45.3 in ** 3,4.61 in,303.0 in ** 4,59.2 in ** 3,45.3 in ** 3,4.61 in,606.0 in ** 4,90.5 in ** 3
HSS13.375X.313,HSS13.375X0.313,RoundHSS,43.64 plf,11.9 in ** 2,13.4 in,12.818 in,0.313 in,0.291 in,46.0,256.0 in ** 4,49.8 in ** 3,38.2 in ** 3,4.63 in,256.0 in ** 4,49.8 in ** 3,38.2 in ** 3,4.63 in,512.0 in ** 4,76.4 in ** 3
HSS13.375X.250,HSS13.375X0.250,RoundHSS,35.08 plf,9.6 in ** 2,13.4 in,12.934 in,0.25 in,0.233 in,57.5,207.0 in ** 4,40.2 in ** 3,31.0 in ** 3,4.65 in,207.0 in ** 4,40.2 in ** 3,31.0 in ** 3,4.65 in,415.0 in ** 4,62.0 in ** 3
HSS13.375X.188,HSS13.375X0.188,RoundHSS,26.43 plf,7.23 in ** 2,13.4 in,13.052 in,0.188 in,0.174 in,76.7,158.0 in ** 4,30.4 in ** 3,23.6 in ** 3,4.67 in,158.0 in ** 4,30.4 in ** 3,23.6 in ** 3,4.67 in,315.0 in ** 4,47.1 in ** 3
HSS12.75X.750,HSS12.750X0.750,RoundHSS,96.21 plf,26.4 in ** 2,12.8 in,11.404 in,0.75 in,0.698 in,18.3,481.0 in ** 4,101.0 in ** 3,75.5 in ** 3,4.27 in,481.0 in ** 4,101.0 in ** 3,75.5 in ** 3,4.27 in,962.0 in ** 4,150.0 in ** 3
HSS12.75X.625,HSS12.750X0.625,RoundHSS,81.01 plf,22.2 in ** 2,12.8 in,11.638 in,0.625 in,0.581 in,21.9,412.0 in ** 4,86.1 in ** 3,64.7 in ** 3,4.31 in,412.0 in ** 4,86.1 in ** 3,64.7 in ** 3,4.31 in,824.0 in ** 4,129.0 in ** 3
HSS12.75X.500,HSS12.750X0.500,RoundHSS,65.48 plf,17.9 in ** 2,12.8 in,11.87 in,0.5 in,0.465 in,27.4,339.0 in ** 4,70.2 in ** 3,53.2 in ** 3,4.35 in,339.0 in ** 4,70.2 in ** 3,53.2 in ** 3,4.35 in,678.0 in ** 4,106.0 in ** 3
HSS12.75X.375,HSS12.750X0.375,RoundHSS,49.61 plf,13.6 in ** 2,12.8 in,12.102 in,0.375 in,0.349 in,36.5,262.0 in ** 4,53.7 in ** 3,41.0 in ** 3,4.39 in,262.0 in ** 4,53.7 in ** 3,41.0 in ** 3,4.39 in,523.0 in ** 4,82.1 in ** 3
HSS12.75X.250,HSS12.750X0.250,RoundHSS,33.41 plf,9.16 in ** 2,12.8 in,12.334 in,0.25 in,0.233 in,54.7,180.0 in ** 4,36.5 in ** 3,28.2 in ** 3,4.43 in,180.0 in ** 4,36.5 in ** 3,28.2 in ** 3,4.43 in,359.0 in ** 4,56.3 in ** 3
HSS12.75X.188,HSS12.750X0.188,RoundHSS,25.18 plf,6.89 in ** 2,12.8 in,12.452 in,0.188 in,0.174 in,73.1,136.0 in ** 4,27.6 in ** 3,21.4 in ** 3,4.45 in,136.0 in ** 4,27.6 in ** 3,21.4 in ** 3,4.45 in,272.0 in ** 4,42.7 in ** 3
HSS12X.625,HSS12.000X0.625,RoundHSS,76.0 plf,20.9 in ** 2,12.0 in,10.838 in,0.625 in,0.581 in,20.6,341.0 in ** 4,75.9 in ** 3,56.8 in ** 3,4.04 in,341.0 in ** 4,75.9 in ** 3,56.8 in ** 3,4.04 in,681.0 in ** 4,113.0 in ** 3
HSS12X.500,HSS12.000X0.500,RoundHSS,61.47 plf,16.9 in ** 2,12.0 in,11.07 in,0.5 in,0.465 in,25.8,281.0 in ** 4,61.9 in ** 3,46.8 in ** 3,4.08 in,281.0 in ** 4,61.9 in ** 3,46.8 in ** 3,4.08 in,561.0 in ** 4,93.3 in ** 3
HSS12X.375,HSS12.000X0.375,RoundHSS,46.6 plf,12.8 in ** 2,12.0 in,11.302 in,0.375 in,0.349 in,34.4,217.0 in ** 4,47.4 in ** 3,36.1 in ** 3,4.12 in,217.0 in ** 4,47.4 in ** 3,36.1 in ** 3,4.12 in,434.0 in ** 4,72.2 in ** 3
HSS12X.250,HSS12.000X0.250,RoundHSS,31.4 plf,8.6 in ** 2,12.0 in,11.534 in,0.25 in,0.233 in,51.6,149.0 in ** 4,32.2 in ** 3,24.8 in ** 3,4.16 in,149.0 in ** 4,32.2 in ** 3,24.8 in ** 3,4.16 in,298.0 in ** 4,49.6 in ** 3
HSS11.75X.625,HSS11.750X0.625,RoundHSS,74.33 plf,20.4 in ** 2,11.8 in,10.638 in,0.625 in,0.581 in,20.2,319.0 in ** 4,72.6 in ** 3,54.3 in ** 3,3.95 in,319.0 in ** 4,72.6 in ** 3,54.3 in ** 3,3.95 in,638.0 in ** 4,108.0 in ** 3
HSS11.75X.500,HSS11.750X0.500,RoundHSS,60.13 plf,16.5 in ** 2,11.8 in,10.87 in,0.5 in,0.465 in,25.3,263.0 in ** 4,59.3 in ** 3,44.7 in ** 3,3.99 in,263.0 in ** 4,59.3 in ** 3,44.7 in ** 3,3.99 in,526.0 in ** 4,89.2 in ** 3
HSS11.75X.375,HSS11.750X0.375,RoundHSS,45.6 plf,12.5 in ** 2,11.8 in,11.102 in,0.375 in,0.349 in,33.7,203.0 in ** 4,45.3 in ** 3,34.6 in ** 3,4.03 in,203.0 in ** 4,45.3 in ** 3,34.6 in ** 3,4.03 in,406.0 in ** 4,69.0 in ** 3
HSS11.75X.337,HSS11.750X0.337,RoundHSS,41.12 plf,11.3 in ** 2,11.8 in,11.174 in,0.337 in,0.313 in,37.5,184.0 in ** 4,41.0 in ** 3,31.4 in ** 3,4.04 in,184.0 in ** 4,41.0 in ** 3,31.4 in ** 3,4.04 in,368.0 in ** 4,62.6 in ** 3
HSS11.75X.250,HSS11.750X0.250,RoundHSS,30.73 plf,8.41 in ** 2,11.8 in,11.334 in,0.25 in,0.233 in,50.5,140.0 in ** 4,30.8 in ** 3,23.8 in ** 3,4.07 in,140.0 in ** 4,30.8 in ** 3,23.8 in ** 3,4.07 in,279.0 in ** 4,47.5 in ** 3
HSS10.75X.625,HSS10.750X0.625,RoundHSS,67.65 plf,18.6 in ** 2,10.8 in,9.638 in,0.625 in,0.581 in,18.5,241.0 in ** 4,60.2 in ** 3,44.8 in ** 3,3.6 in,241.0 in ** 4,60.2 in ** 3,44.8 in ** 3,3.6 in,482.0 in ** 4,89.1 in ** 3
HSS10.75X.500,HSS10.750X0.500,RoundHSS,54.79 plf,15.0 in ** 2,10.8 in,9.87 in,0.5 in,0.465 in,23.1,199.0 in ** 4,49.2 in ** 3,37.0 in ** 3,3.64 in,199.0 in ** 4,49.2 in ** 3,37.0 in ** 3,3.64 in,398.0 in ** 4,74.1 in ** 3
HSS10.75X.375,HSS10.750X0.375,RoundHSS,41.59 plf,11.4 in ** 2,10.8 in,10.102 in,0.375 in,0.349 in,30.8,154.0 in ** 4,37.8 in ** 3,28.7 in ** 3,3.68 in,154.0 in ** 4,37.8 in ** 3,28.7 in ** 3,3.68 in,309.0 in ** 4,57.4 in ** 3
HSS10.75X.313,HSS10.750X0.313,RoundHSS,34.87 plf,9.55 in ** 2,10.8 in,10.218 in,0.313 in,0.291 in,37.0,131.0 in ** 4,31.8 in ** 3,24.3 in ** 3,3.7 in,131.0 in ** 4,31.8 in ** 3,24.3 in ** 3,3.7 in,261.0 in ** 4,48.6 in ** 3
HSS10.75X.250,HSS10.750X0.250,RoundHSS,28.06 plf,7.7 in ** 2,10.8 in,10.334 in,0.25 in,0.233 in,46.1,106.0 in ** 4,25.8 in ** 3,19.8 in ** 3,3.72 in,106.0 in ** 4,25.8 in ** 3,19.8 in ** 3,3.72 in,213.0 in ** 4,39.6 in ** 3
HSS10.75X.188,HSS10.750X0.188,RoundHSS,21.17 plf,5.79 in ** 2,10.8 in,10.452 in,0.188 in,0.174 in,61.6,81.0 in ** 4,19.5 in ** 3,15.1 in ** 3,3.74 in,81.0 in ** 4,19.5 in ** 3,15.1 in ** 3,3.74 in,162.0 in ** 4,30.1 in ** 3
HSS10X.625,HSS10.000X0.625,RoundHSS,62.64 plf,17.2 in ** 2,10.0 in,8.838 in,0.625 in,0.581 in,17.2,191.0 in ** 4,51.6 in ** 3,38.3 in ** 3,3.34 in,191.0 in ** 4,51.6 in ** 3,38.3 in ** 3,3.34 in,383.0 in ** 4,76.6 in ** 3
HSS10X.500,HSS10.000X0.500,RoundHSS,50.78 plf,13.9 in ** 2,10.0 in,9.07 in,0.5 in,0.465 in,21.5,159.0 in ** 4,42.3 in ** 3,31.7 in ** 3,3.38 in,159.0 in ** 4,42.3 in ** 3,31.7 in ** 3,3.38 in,317.0 in ** 4,63.5 in ** 3
HSS10X.375,HSS10.000X0.375,RoundHSS,38.58 plf,10.6 in ** 2,10.0 in,9.302 in,0.375 in,0.349 in,28.7,123.0 in ** 4,32.5 in ** 3,24.7 in ** 3,3.41 in,123.0 in ** 4,32.5 in ** 3,24.7 in ** 3,3.41 in,247.0 in ** 4,49.3 in ** 3
HSS10X.312,HSS10.000X0.312,RoundHSS,32.31 plf,8.88 in ** 2,10.0 in,9.418 in,0.312 in,0.291 in,34.4,105.0 in ** 4,27.4 in ** 3,20.9 in ** 3,3.43 in,105.0 in ** 4,27.4 in ** 3,20.9 in ** 3,3.43 in,209.0 in ** 4,41.9 in ** 3
HSS10X.250,HSS10.000X0.250,RoundHSS,26.06 plf,7.15 in ** 2,10.0 in,9.534 in,0.25 in,0.233 in,42.9,85.3 in ** 4,22.2 in ** 3,17.1 in ** 3,3.45 in,85.3 in ** 4,22.2 in ** 3,17.1 in ** 3,3.45 in,171.0 in ** 4,34.1 in ** 3
HSS10X.188,HSS10.000X0.188,RoundHSS,19.72 plf,5.37 in ** 2,10.0 in,9.652 in,0.188 in,0.174 in,57.5,64.8 in ** 4,16.8 in ** 3,13.0 in ** 3,3.47 in,64.8 in ** 4,16.8 in ** 3,13.0 in ** 3,3.47 in,130.0 in ** 4,25.9 in ** 3
HSS9.625X.625,HSS9.625X0.625,RoundHSS,60.13 plf,16.5 in ** 2,9.63 in,8.468 in,0.625 in,0.581 in,16.6,170.0 in ** 4,47.6 in ** 3,35.2 in ** 3,3.2 in,170.0 in ** 4,47.6 in ** 3,35.2 in ** 3,3.2 in,339.0 in ** 4,70.0 in ** 3
HSS9.625X.500,HSS9.625X0.500,RoundHSS,48.77 plf,13.4 in ** 2,9.63 in,8.7 in,0.5 in,0.465 in,20.7,141.0 in ** 4,39.0 in ** 3,29.2 in ** 3,3.24 in,141.0 in ** 4,39.0 in ** 3,29.2 in ** 3,3.24 in,281.0 in ** 4,58.5 in ** 3
HSS9.625X.375,HSS9.625X0.375,RoundHSS,37.08 plf,10.2 in ** 2,9.63 in,8.932 in,0.375 in,0.349 in,27.6,110.0 in ** 4,30.0 in ** 3,22.8 in ** 3,3.28 in,110.0 in ** 4,30.0 in ** 3,22.8 in ** 3,3.28 in,219.0 in ** 4,45.5 in ** 3
HSS9.625X.312,HSS9.625X0.312,RoundHSS,31.06 plf,8.53 in ** 2,9.63 in,9.048 in,0.312 in,0.291 in,33.1,93.0 in ** 4,25.4 in ** 3,19.3 in ** 3,3.3 in,93.0 in ** 4,25.4 in ** 3,19.3 in ** 3,3.3 in,186.0 in ** 4,38.7 in ** 3
HSS9.625X.250,HSS9.625X0.250,RoundHSS,25.06 plf,6.87 in ** 2,9.63 in,9.164 in,0.25 in,0.233 in,41.3,75.9 in ** 4,20.6 in ** 3,15.8 in ** 3,3.32 in,75.9 in ** 4,20.6 in ** 3,15.8 in ** 3,3.32 in,152.0 in ** 4,31.5 in ** 3
HSS9.625X.188,HSS9.625X0.188,RoundHSS,18.97 plf,5.17 in ** 2,9.63 in,9.282 in,0.188 in,0.174 in,55.3,57.7 in ** 4,15.5 in ** 3,12.0 in ** 3,3.34 in,57.7 in ** 4,15.5 in ** 3,12.0 in ** 3,3.34 in,115.0 in ** 4,24.0 in ** 3
HSS8.625X.625,HSS8.625X0.625,RoundHSS,53.45 plf,14.7 in ** 2,8.63 in,7.468 in,0.625 in,0.581 in,14.8,119.0 in ** 4,37.7 in ** 3,27.7 in ** 3,2.85 in,119.0 in ** 4,37.7 in ** 3,27.7 in ** 3,2.85 in,239.0 in ** 4,55.4 in ** 3
HSS8.625X.500,HSS8.625X0.500,RoundHSS,43.43 plf,11.9 in ** 2,8.63 in,7.7 in,0.5 in,0.465 in,18.5,100.0 in ** 4,31.0 in ** 3,23.1 in ** 3,2.89 in,100.0 in ** 4,31.0 in ** 3,23.1 in ** 3,2.89 in,199.0 in ** 4,46.2 in ** 3
HSS8.625X.375,HSS8.625X0.375,RoundHSS,33.07 plf,9.07 in ** 2,8.63 in,7.932 in,0.375 in,0.349 in,24.7,77.8 in ** 4,23.9 in ** 3,18.0 in ** 3,2.93 in,77.8 in ** 4,23.9 in ** 3,18.0 in ** 3,2.93 in,156.0 in ** 4,36.1 in ** 3
HSS8.625X.322,HSS8.625X0.322,RoundHSS,28.58 plf,7.85 in ** 2,8.63 in,8.03 in,0.322 in,0.3 in,28.8,68.1 in ** 4,20.8 in ** 3,15.8 in ** 3,2.95 in,68.1 in ** 4,20.8 in ** 3,15.8 in ** 3,2.95 in,136.0 in ** 4,31.6 in ** 3
HSS8.625X.250,HSS8.625X0.250,RoundHSS,22.38 plf,6.14 in ** 2,8.63 in,8.164 in,0.25 in,0.233 in,37.0,54.1 in ** 4,16.4 in ** 3,12.5 in ** 3,2.97 in,54.1 in ** 4,16.4 in ** 3,12.5 in ** 3,2.97 in,108.0 in ** 4,25.1 in ** 3
HSS8.625X.188,HSS8.625X0.188,RoundHSS,16.96 plf,4.62 in ** 2,8.63 in,8.282 in,0.188 in,0.174 in,49.6,41.3 in ** 4,12.4 in ** 3,9.57 in ** 3,2.99 in,41.3 in ** 4,12.4 in ** 3,9.57 in ** 3,2.99 in,82.5 in ** 4,19.1 in ** 3
HSS7.5X.500,HSS7.500X0.500,RoundHSS,37.42 plf,10.3 in ** 2,7.5 in,6.57 in,0.5 in,0.465 in,16.1,63.9 in ** 4,23.0 in ** 3,17.0 in ** 3,2.49 in,63.9 in ** 4,23.0 in ** 3,17.0 in ** 3,2.49 in,128.0 in ** 4,34.1 in ** 3
HSS7.5X.375,HSS7.500X0.375,RoundHSS,28.56 plf,7.84 in ** 2,7.5 in,6.802 in,0.375 in,0.349 in,21.5,50.2 in ** 4,17.9 in ** 3,13.4 in ** 3,2.53 in,50.2 in ** 4,17.9 in ** 3,13.4 in ** 3,2.53 in,100.0 in ** 4,26.8 in ** 3
HSS7.5X.312,HSS7.500X0.312,RoundHSS,23.97 plf,6.59 in ** 2,7.5 in,6.918 in,0.312 in,0.291 in,25.8,42.9 in ** 4,15.1 in ** 3,11.4 in ** 3,2.55 in,42.9 in ** 4,15.1 in ** 3,11.4 in ** 3,2.55 in,85.8 in ** 4,22.9 in ** 3
HSS7.5X.250,HSS7.500X0.250,RoundHSS,19.38 plf,5.32 in ** 2,7.5 in,7.034 in,0.25 in,0.233 in,32.2,35.2 in ** 4,12.3 in ** 3,9.37 in ** 3,2.57 in,35.2 in ** 4,12.3 in ** 3,9.37 in ** 3,2.57 in,70.3 in ** 4,18.7 in ** 3
HSS7.5X.188,HSS7.500X0.188,RoundHSS,14.7 plf,4.0 in ** 2,7.5 in,7.152 in,0.188 in,0.174 in,43.1,26.9 in ** 4,9.34 in ** 3,7.17 in ** 3,2.59 in,26.9 in ** 4,9.34 in ** 3,7.17 in ** 3,2.59 in,53.8 in ** 4,14.3 in ** 3
HSS7X.500,HSS7.000X0.500,RoundHSS,34.74 plf,9.55 in ** 2,7.0 in,6.07 in,0.5 in,0.465 in,15.1,51.2 in ** 4,19.9 in ** 3,14.6 in ** 3,2.32 in,51.2 in ** 4,19.9 in ** 3,14.6 in ** 3,2.32 in,102.0 in ** 4,29.3 in ** 3
HSS7X.375,HSS7.000X0.375,RoundHSS,26.56 plf,7.29 in ** 2,7.0 in,6.302 in,0.375 in,0.349 in,20.1,40.4 in ** 4,15.5 in ** 3,11.6 in ** 3,2.35 in,40.4 in ** 4,15.5 in ** 3,11.6 in ** 3,2.35 in,80.9 in ** 4,23.1 in ** 3
HSS7X.312,HSS7.000X0.312,RoundHSS,22.31 plf,6.13 in ** 2,7.0 in,6.418 in,0.312 in,0.291 in,24.1,34.6 in ** 4,13.1 in ** 3,9.88 in ** 3,2.37 in,34.6 in ** 4,13.1 in ** 3,9.88 in ** 3,2.37 in,69.1 in ** 4,19.8 in ** 3
HSS7X.250,HSS7.000X0.250,RoundHSS,18.04 plf,4.95 in ** 2,7.0 in,6.534 in,0.25 in,0.233 in,30.0,28.4 in ** 4,10.7 in ** 3,8.11 in ** 3,2.39 in,28.4 in ** 4,10.7 in ** 3,8.11 in ** 3,2.39 in,56.8 in ** 4,16.2 in ** 3
HSS7X.188,HSS7.000X0.188,RoundHSS,13.69 plf,3.73 in ** 2,7.0 in,6.652 in,0.188 in,0.174 in,40.2,21.7 in ** 4,8.11 in ** 3,6.21 in ** 3,2.41 in,21.7 in ** 4,8.11 in ** 3,6.21 in ** 3,2.41 in,43.5 in ** 4,12.4 in ** 3
HSS7X.125,HSS7.000X0.125,RoundHSS,9.19 plf,2.51 in ** 2,7.0 in,6.768 in,0.125 in,0.116 in,60.3,14.9 in ** 4,5.5 in ** 3,4.25 in ** 3,2.43 in,14.9 in ** 4,5.5 in ** 3,4.25 in ** 3,2.43 in,29.7 in ** 4,8.49 in ** 3
HSS6.875X.375,HSS6.875X0.375,RoundHSS,26.06 plf,7.16 in ** 2,6.88 in,6.182 in,0.375 in,0.349 in,19.7,38.2 in ** 4,14.9 in ** 3,11.1 in ** 3,2.31 in,38.2 in ** 4,14.9 in ** 3,11.1 in ** 3,2.31 in,76.4 in ** 4,22.2 in ** 3
HSS6.875X.312,HSS6.875X0.312,RoundHSS,21.89 plf,6.02 in ** 2,6.88 in,6.298 in,0.312 in,0.291 in,23.6,32.7 in ** 4,12.6 in ** 3,9.51 in ** 3,2.33 in,32.7 in ** 4,12.6 in ** 3,9.51 in ** 3,2.33 in,65.4 in ** 4,19.0 in ** 3
HSS6.875X.250,HSS6.875X0.250,RoundHSS,17.71 plf,4.86 in ** 2,6.88 in,6.414 in,0.25 in,0.233 in,29.5,26.8 in ** 4,10.3 in ** 3,7.81 in ** 3,2.35 in,26.8 in ** 4,10.3 in ** 3,7.81 in ** 3,2.35 in,53.7 in ** 4,15.6 in ** 3
HSS6.875X.188,HSS6.875X0.188,RoundHSS,13.44 plf,3.66 in ** 2,6.88 in,6.532 in,0.188 in,0.174 in,39.5,20.6 in ** 4,7.81 in ** 3,5.99 in ** 3,2.37 in,20.6 in ** 4,7.81 in ** 3,5.99 in ** 3,2.37 in,41.1 in ** 4,12.0 in ** 3
HSS6.625X.500,HSS6.625X0.500,RoundHSS,32.74 plf,9.0 in ** 2,6.63 in,5.7 in,0.5 in,0.465 in,14.2,42.9 in ** 4,17.7 in ** 3,13.0 in ** 3,2.18 in,42.9 in ** 4,17.7 in ** 3,13.0 in ** 3,2.18 in,85.9 in ** 4,25.9 in ** 3
HSS6.625X.432,HSS6.625X0.432,RoundHSS,28.6 plf,7.86 in ** 2,6.63 in,5.826 in,0.432 in,0.402 in,16.5,38.2 in ** 4,15.6 in ** 3,11.5 in ** 3,2.2 in,38.2 in ** 4,15.6 in ** 3,11.5 in ** 3,2.2 in,76.4 in ** 4,23.1 in ** 3
HSS6.625X.375,HSS6.625X0.375,RoundHSS,25.06 plf,6.88 in ** 2,6.63 in,5.932 in,0.375 in,0.349 in,19.0,34.0 in ** 4,13.8 in ** 3,10.3 in ** 3,2.22 in,34.0 in ** 4,13.8 in ** 3,10.3 in ** 3,2.22 in,68.0 in ** 4,20.5 in ** 3
HSS6.625X.312,HSS6.625X0.312,RoundHSS,21.06 plf,5.79 in ** 2,6.63 in,6.048 in,0.312 in,0.291 in,22.8,29.1 in ** 4,11.7 in ** 3,8.79 in ** 3,2.24 in,29.1 in ** 4,11.7 in ** 3,8.79 in ** 3,2.24 in,58.2 in ** 4,17.6 in ** 3
HSS6.625X.280,HSS6.625X0.280,RoundHSS,18.99 plf,5.2 in ** 2,6.63 in,6.11 in,0.28 in,0.26 in,25.5,26.4 in ** 4,10.5 in ** 3,7.96 in ** 3,2.25 in,26.4 in ** 4,10.5 in ** 3,7.96 in ** 3,2.25 in,52.7 in ** 4,15.9 in ** 3
HSS6.625X.250,HSS6.625X0.250,RoundHSS,17.04 plf,4.68 in ** 2,6.63 in,6.164 in,0.25 in,0.233 in,28.4,23.9 in ** 4,9.52 in ** 3,7.22 in ** 3,2.26 in,23.9 in ** 4,9.52 in ** 3,7.22 in ** 3,2.26 in,47.9 in ** 4,14.4 in ** 3
HSS6.625X.188,HSS6.625X0.188,RoundHSS,12.94 plf,3.53 in ** 2,6.63 in,6.282 in,0.188 in,0.174 in,38.1,18.4 in ** 4,7.24 in ** 3,5.54 in ** 3,2.28 in,18.4 in ** 4,7.24 in ** 3,5.54 in ** 3,2.28 in,36.7 in ** 4,11.1 in ** 3
HSS6.625X.125,HSS6.625X0.125,RoundHSS,8.69 plf,2.37 in ** 2,6.63 in,6.398 in,0.125 in,0.116 in,57.1,12.6 in ** 4,4.92 in ** 3,3.79 in ** 3,2.3 in,12.6 in ** 4,4.92 in ** 3,3.79 in ** 3,2.3 in,25.1 in ** 4,7.59 in ** 3
HSS6X.500,HSS6.000X0.500,RoundHSS,29.4 plf,8.09 in ** 2,6.0 in,5.07 in,0.5 in,0.465 in,12.9,31.2 in ** 4,14.3 in ** 3,10.4 in ** 3,1.96 in,31.2 in ** 4,14.3 in ** 3,10.4 in ** 3,1.96 in,62.4 in ** 4,20.8 in ** 3
HSS6X.375,HSS6.000X0.375,RoundHSS,22.55 plf,6.2 in ** 2,6.0 in,5.302 in,0.375 in,0.349 in,17.2,24.8 in ** 4,11.2 in ** 3,8.28 in ** 3,2.0 in,24.8 in ** 4,11.2 in ** 3,8.28 in ** 3,2.0 in,49.7 in ** 4,16.6 in ** 3
HSS6X.312,HSS6.000X0.312,RoundHSS,18.97 plf,5.22 in ** 2,6.0 in,5.418 in,0.312 in,0.291 in,20.6,21.3 in ** 4,9.49 in ** 3,7.11 in ** 3,2.02 in,21.3 in ** 4,9.49 in ** 3,7.11 in ** 3,2.02 in,42.6 in ** 4,14.2 in ** 3
HSS6X.280,HSS6.000X0.280,RoundHSS,17.12 plf,4.69 in ** 2,6.0 in,5.48 in,0.28 in,0.26 in,23.1,19.3 in ** 4,8.57 in ** 3,6.45 in ** 3,2.03 in,19.3 in ** 4,8.57 in ** 3,6.45 in ** 3,2.03 in,38.7 in ** 4,12.9 in ** 3
HSS6X.250,HSS6.000X0.250,RoundHSS,15.37 plf,4.22 in ** 2,6.0 in,5.534 in,0.25 in,0.233 in,25.8,17.6 in ** 4,7.75 in ** 3,5.86 in ** 3,2.04 in,17.6 in ** 4,7.75 in ** 3,5.86 in ** 3,2.04 in,35.2 in ** 4,11.7 in ** 3
HSS6X.188,HSS6.000X0.188,RoundHSS,11.68 plf,3.18 in ** 2,6.0 in,5.652 in,0.188 in,0.174 in,34.5,13.5 in ** 4,5.91 in ** 3,4.51 in ** 3,2.06 in,13.5 in ** 4,5.91 in ** 3,4.51 in ** 3,2.06 in,27.0 in ** 4,9.02 in ** 3
HSS6X.125,HSS6.000X0.125,RoundHSS,7.85 plf,2.14 in ** 2,6.0 in,5.768 in,0.125 in,0.116 in,51.7,9.28 in ** 4,4.02 in ** 3,3.09 in ** 3,2.08 in,9.28 in ** 4,4.02 in ** 3,3.09 in ** 3,2.08 in,18.6 in ** 4,6.19 in ** 3
HSS5.563X.500,HSS5.563X0.500,RoundHSS,27.06 plf,7.45 in ** 2,5.56 in,4.63 in,0.5 in,0.465 in,12.0,24.4 in ** 4,12.1 in ** 3,8.77 in ** 3,1.81 in,24.4 in ** 4,12.1 in ** 3,8.77 in ** 3,1.81 in,48.8 in ** 4,17.5 in ** 3
HSS5.563X.375,HSS5.563X0.375,RoundHSS,20.8 plf,5.72 in ** 2,5.56 in,4.862 in,0.375 in,0.349 in,15.9,19.5 in ** 4,9.5 in ** 3,7.02 in ** 3,1.85 in,19.5 in ** 4,9.5 in ** 3,7.02 in ** 3,1.85 in,39.0 in ** 4,14.0 in ** 3
HSS5.563X.258,HSS5.563X0.258,RoundHSS,14.63 plf,4.01 in ** 2,5.56 in,5.08 in,0.258 in,0.24 in,23.2,14.2 in ** 4,6.8 in ** 3,5.12 in ** 3,1.88 in,14.2 in ** 4,6.8 in ** 3,5.12 in ** 3,1.88 in,28.5 in ** 4,10.2 in ** 3
HSS5.563X.188,HSS5.563X0.188,RoundHSS,10.8 plf,2.95 in ** 2,5.56 in,5.212 in,0.188 in,0.174 in,32.0,10.7 in ** 4,5.05 in ** 3,3.85 in ** 3,1.91 in,10.7 in ** 4,5.05 in ** 3,3.85 in ** 3,1.91 in,21.4 in ** 4,7.7 in ** 3
HSS5.563X.134,HSS5.563X0.134,RoundHSS,7.78 plf,2.12 in ** 2,5.56 in,5.312 in,0.134 in,0.124 in,44.9,7.84 in ** 4,3.67 in ** 3,2.82 in ** 3,1.92 in,7.84 in ** 4,3.67 in ** 3,2.82 in ** 3,1.92 in,15.7 in ** 4,5.64 in ** 3
HSS5.5X.500,HSS5.500X0.500,RoundHSS,26.73 plf,7.36 in ** 2,5.5 in,4.57 in,0.5 in,0.465 in,11.8,23.5 in ** 4,11.8 in ** 3,8.55 in ** 3,1.79 in,23.5 in ** 4,11.8 in ** 3,8.55 in ** 3,1.79 in,47.0 in ** 4,17.1 in ** 3
HSS5.5X.375,HSS5.500X0.375,RoundHSS,20.55 plf,5.65 in ** 2,5.5 in,4.802 in,0.375 in,0.349 in,15.8,18.8 in ** 4,9.27 in ** 3,6.84 in ** 3,1.83 in,18.8 in ** 4,9.27 in ** 3,6.84 in ** 3,1.83 in,37.6 in ** 4,13.7 in ** 3
HSS5.5X.258,HSS5.500X0.258,RoundHSS,14.46 plf,3.97 in ** 2,5.5 in,5.02 in,0.258 in,0.24 in,22.9,13.7 in ** 4,6.64 in ** 3,5.0 in ** 3,1.86 in,13.7 in ** 4,6.64 in ** 3,5.0 in ** 3,1.86 in,27.5 in ** 4,10.0 in ** 3
HSS5X.500,HSS5.000X0.500,RoundHSS,24.05 plf,6.62 in ** 2,5.0 in,4.07 in,0.5 in,0.465 in,10.8,17.2 in ** 4,9.6 in ** 3,6.88 in ** 3,1.61 in,17.2 in ** 4,9.6 in ** 3,6.88 in ** 3,1.61 in,34.4 in ** 4,13.8 in ** 3
HSS5X.375,HSS5.000X0.375,RoundHSS,18.54 plf,5.1 in ** 2,5.0 in,4.302 in,0.375 in,0.349 in,14.3,13.9 in ** 4,7.56 in ** 3,5.55 in ** 3,1.65 in,13.9 in ** 4,7.56 in ** 3,5.55 in ** 3,1.65 in,27.7 in ** 4,11.1 in ** 3
HSS5X.312,HSS5.000X0.312,RoundHSS,15.64 plf,4.3 in ** 2,5.0 in,4.418 in,0.312 in,0.291 in,17.2,12.0 in ** 4,6.46 in ** 3,4.79 in ** 3,1.67 in,12.0 in ** 4,6.46 in ** 3,4.79 in ** 3,1.67 in,24.0 in ** 4,9.58 in ** 3
HSS5X.258,HSS5.000X0.258,RoundHSS,13.08 plf,3.59 in ** 2,5.0 in,4.52 in,0.258 in,0.24 in,20.8,10.2 in ** 4,5.44 in ** 3,4.08 in ** 3,1.69 in,10.2 in ** 4,5.44 in ** 3,4.08 in ** 3,1.69 in,20.4 in ** 4,8.15 in ** 3
HSS5X.250,HSS5.000X0.250,RoundHSS,12.69 plf,3.49 in ** 2,5.0 in,4.534 in,0.25 in,0.233 in,21.5,9.94 in ** 4,5.3 in ** 3,3.97 in ** 3,1.69 in,9.94 in ** 4,5.3 in ** 3,3.97 in ** 3,1.69 in,19.9 in ** 4,7.95 in ** 3
HSS5X.188,HSS5.000X0.188,RoundHSS,9.67 plf,2.64 in ** 2,5.0 in,4.652 in,0.188 in,0.174 in,28.7,7.69 in ** 4,4.05 in ** 3,3.08 in ** 3,1.71 in,7.69 in ** 4,4.05 in ** 3,3.08 in ** 3,1.71 in,15.4 in ** 4,6.15 in ** 3
HSS5X.125,HSS5.000X0.125,RoundHSS,6.51 plf,1.78 in ** 2,5.0 in,4.768 in,0.125 in,0.116 in,43.1,5.31 in ** 4,2.77 in ** 3,2.12 in ** 3,1.73 in,5.31 in ** 4,2.77 in ** 3,2.12 in ** 3,1.73 in,10.6 in ** 4,4.25 in ** 3
HSS4.5X.375,HSS4.500X0.375,RoundHSS,16.54 plf,4.55 in ** 2,4.5 in,3.802 in,0.375 in,0.349 in,12.9,9.87 in ** 4,6.03 in ** 3,4.39 in ** 3,1.47 in,9.87 in ** 4,6.03 in ** 3,4.39 in ** 3,1.47 in,19.7 in ** 4,8.78 in ** 3
HSS4.5X.337,HSS4.500X0.337,RoundHSS,15.0 plf,4.12 in ** 2,4.5 in,3.874 in,0.337 in,0.313 in,14.4,9.07 in ** 4,5.5 in ** 3,4.03 in ** 3,1.48 in,9.07 in ** 4,5.5 in ** 3,4.03 in ** 3,1.48 in,18.1 in ** 4,8.06 in ** 3
HSS4.5X.237,HSS4.500X0.237,RoundHSS,10.8 plf,2.96 in ** 2,4.5 in,4.06 in,0.237 in,0.22 in,20.5,6.79 in ** 4,4.03 in ** 3,3.02 in ** 3,1.52 in,6.79 in ** 4,4.03 in ** 3,3.02 in ** 3,1.52 in,13.6 in ** 4,6.04 in ** 3
HSS4.5X.188,HSS4.500X0.188,RoundHSS,8.67 plf,2.36 in ** 2,4.5 in,4.152 in,0.188 in,0.174 in,25.9,5.54 in ** 4,3.26 in ** 3,2.46 in ** 3,1.53 in,5.54 in ** 4,3.26 in ** 3,2.46 in ** 3,1.53 in,11.1 in ** 4,4.93 in ** 3
HSS4.5X.125,HSS4.500X0.125,RoundHSS,5.85 plf,1.6 in ** 2,4.5 in,4.268 in,0.125 in,0.116 in,38.8,3.84 in ** 4,2.23 in ** 3,1.71 in ** 3,1.55 in,3.84 in ** 4,2.23 in ** 3,1.71 in ** 3,1.55 in,7.68 in ** 4,3.41 in ** 3
HSS4X.313,HSS4.000X0.313,RoundHSS,12.34 plf,3.39 in ** 2,4.0 in,3.418 in,0.313 in,0.291 in,13.7,5.87 in ** 4,4.01 in ** 3,2.93 in ** 3,1.32 in,5.87 in ** 4,4.01 in ** 3,2.93 in ** 3,1.32 in,11.7 in ** 4,5.87 in ** 3
HSS4X.250,HSS4.000X0.250,RoundHSS,10.0 plf,2.76 in ** 2,4.0 in,3.534 in,0.25 in,0.233 in,17.2,4.91 in ** 4,3.31 in ** 3,2.45 in ** 3,1.33 in,4.91 in ** 4,3.31 in ** 3,2.45 in ** 3,1.33 in,9.82 in ** 4,4.91 in ** 3
HSS4X.237,HSS4.000X0.237,RoundHSS,9.53 plf,2.61 in ** 2,4.0 in,3.56 in,0.237 in,0.22 in,18.2,4.68 in ** 4,3.15 in ** 3,2.34 in ** 3,1.34 in,4.68 in ** 4,3.15 in ** 3,2.34 in ** 3,1.34 in,9.36 in ** 4,4.68 in ** 3
HSS4X.226,HSS4.000X0.226,RoundHSS,9.12 plf,2.5 in ** 2,4.0 in,3.58 in,0.226 in,0.21 in,19.0,4.5 in ** 4,3.02 in ** 3,2.25 in ** 3,1.34 in,4.5 in ** 4,3.02 in ** 3,2.25 in ** 3,1.34 in,9.01 in ** 4,4.5 in ** 3
HSS4X.220,HSS4.000X0.220,RoundHSS,8.89 plf,2.44 in ** 2,4.0 in,3.59 in,0.22 in,0.205 in,19.5,4.41 in ** 4,2.96 in ** 3,2.21 in ** 3,1.34 in,4.41 in ** 4,2.96 in ** 3,2.21 in ** 3,1.34 in,8.83 in ** 4,4.41 in ** 3
HSS4X.188,HSS4.000X0.188,RoundHSS,7.66 plf,2.09 in ** 2,4.0 in,3.652 in,0.188 in,0.174 in,23.0,3.83 in ** 4,2.55 in ** 3,1.92 in ** 3,1.35 in,3.83 in ** 4,2.55 in ** 3,1.92 in ** 3,1.35 in,7.67 in ** 4,3.83 in ** 3
HSS4X.125,HSS4.000X0.125,RoundHSS,5.18 plf,1.42 in ** 2,4.0 in,3.768 in,0.125 in,0.116 in,34.5,2.67 in ** 4,1.75 in ** 3,1.34 in ** 3,1.37 in,2.67 in ** 4,1.75 in ** 3,1.34 in ** 3,1.37 in,5.34 in ** 4,2.67 in ** 3
HSS3.5X.313,HSS3.500X0.313,RoundHSS,10.66 plf,2.93 in ** 2,3.5 in,2.918 in,0.313 in,0.291 in,12.0,3.81 in ** 4,3.0 in ** 3,2.18 in ** 3,1.14 in,3.81 in ** 4,3.0 in ** 3,2.18 in ** 3,1.14 in,7.61 in ** 4,4.35 in ** 3
HSS3.5X.300,HSS3.500X0.300,RoundHSS,10.26 plf,2.82 in ** 2,3.5 in,2.942 in,0.3 in,0.279 in,12.5,3.69 in ** 4,2.9 in ** 3,2.11 in ** 3,1.14 in,3.69 in ** 4,2.9 in ** 3,2.11 in ** 3,1.14 in,7.38 in ** 4,4.22 in ** 3
HSS3.5X.250,HSS3.500X0.250,RoundHSS,8.69 plf,2.39 in ** 2,3.5 in,3.034 in,0.25 in,0.233 in,15.0,3.21 in ** 4,2.49 in ** 3,1.83 in ** 3,1.16 in,3.21 in ** 4,2.49 in ** 3,1.83 in ** 3,1.16 in,6.41 in ** 4,3.66 in ** 3
HSS3.5X.216,HSS3.500X0.216,RoundHSS,7.58 plf,2.08 in ** 2,3.5 in,3.098 in,0.216 in,0.201 in,17.4,2.84 in ** 4,2.19 in ** 3,1.63 in ** 3,1.17 in,2.84 in ** 4,2.19 in ** 3,1.63 in ** 3,1.17 in,5.69 in ** 4,3.25 in ** 3
HSS3.5X.203,HSS3.500X0.203,RoundHSS,7.15 plf,1.97 in ** 2,3.5 in,3.122 in,0.203 in,0.189 in,18.5,2.7 in ** 4,2.07 in ** 3,1.54 in ** 3,1.17 in,2.7 in ** 4,2.07 in ** 3,1.54 in ** 3,1.17 in,5.41 in ** 4,3.09 in ** 3
HSS3.5X.188,HSS3.500X0.188,RoundHSS,6.66 plf,1.82 in ** 2,3.5 in,3.152 in,0.188 in,0.174 in,20.1,2.52 in ** 4,1.93 in ** 3,1.44 in ** 3,1.18 in,2.52 in ** 4,1.93 in ** 3,1.44 in ** 3,1.18 in,5.04 in ** 4,2.88 in ** 3
HSS3.5X.125,HSS3.500X0.125,RoundHSS,4.51 plf,1.23 in ** 2,3.5 in,3.268 in,0.125 in,0.116 in,30.2,1.77 in ** 4,1.33 in ** 3,1.01 in ** 3,1.2 in,1.77 in ** 4,1.33 in ** 3,1.01 in ** 3,1.2 in,3.53 in ** 4,2.02 in ** 3
HSS3X.250,HSS3.000X0.250,RoundHSS,7.35 plf,2.03 in ** 2,3.0 in,2.534 in,0.25 in,0.233 in,12.9,1.95 in ** 4,1.79 in ** 3,1.3 in ** 3,0.982 in,1.95 in ** 4,1.79 in ** 3,1.3 in ** 3,0.982 in,3.9 in ** 4,2.6 in ** 3
HSS3X.216,HSS3.000X0.216,RoundHSS,6.43 plf,1.77 in ** 2,3.0 in,2.598 in,0.216 in,0.201 in,14.9,1.74 in ** 4,1.58 in ** 3,1.16 in ** 3,0.992 in,1.74 in ** 4,1.58 in ** 3,1.16 in ** 3,0.992 in,3.48 in ** 4,2.32 in ** 3
HSS3X.203,HSS3.000X0.203,RoundHSS,6.07 plf,1.67 in ** 2,3.0 in,2.622 in,0.203 in,0.189 in,15.9,1.66 in ** 4,1.5 in ** 3,1.1 in ** 3,0.996 in,1.66 in ** 4,1.5 in ** 3,1.1 in ** 3,0.996 in,3.31 in ** 4,2.21 in ** 3
HSS3X.188,HSS3.000X0.188,RoundHSS,5.65 plf,1.54 in ** 2,3.0 in,2.652 in,0.188 in,0.174 in,17.2,1.55 in ** 4,1.39 in ** 3,1.03 in ** 3,1.0 in,1.55 in ** 4,1.39 in ** 3,1.03 in ** 3,1.0 in,3.1 in ** 4,2.06 in ** 3
HSS3X.152,HSS3.000X0.152,RoundHSS,4.63 plf,1.27 in ** 2,3.0 in,2.718 in,0.152 in,0.141 in,21.3,1.3 in ** 4,1.15 in ** 3,0.865 in ** 3,1.01 in,1.3 in ** 4,1.15 in ** 3,0.865 in ** 3,1.01 in,2.59 in ** 4,1.73 in ** 3
HSS3X.134,HSS3.000X0.134,RoundHSS,4.11 plf,1.12 in ** 2,3.0 in,2.752 in,0.134 in,0.124 in,24.2,1.16 in ** 4,1.03 in ** 3,0.774 in ** 3,1.02 in,1.16 in ** 4,1.03 in ** 3,0.774 in ** 3,1.02 in,2.32 in ** 4,1.55 in ** 3
HSS3X.125,HSS3.000X0.125,RoundHSS,3.84 plf,1.05 in ** 2,3.0 in,2.768 in,0.125 in,0.116 in,25.9,1.09 in ** 4,0.965 in ** 3,0.73 in ** 3,1.02 in,1.09 in ** 4,0.965 in ** 3,0.73 in ** 3,1.02 in,2.19 in ** 4,1.46 in ** 3
HSS2.875X.250,HSS2.875X0.250,RoundHSS,7.02 plf,1.93 in ** 2,2.88 in,2.414 in,0.25 in,0.233 in,12.3,1.7 in ** 4,1.63 in ** 3,1.18 in ** 3,0.938 in,1.7 in ** 4,1.63 in ** 3,1.18 in ** 3,0.938 in,3.4 in ** 4,2.37 in ** 3
HSS2.875X.203,HSS2.875X0.203,RoundHSS,5.8 plf,1.59 in ** 2,2.88 in,2.502 in,0.203 in,0.189 in,15.2,1.45 in ** 4,1.37 in ** 3,1.01 in ** 3,0.952 in,1.45 in ** 4,1.37 in ** 3,1.01 in ** 3,0.952 in,2.89 in ** 4,2.01 in ** 3
HSS2.875X.188,HSS2.875X0.188,RoundHSS,5.4 plf,1.48 in ** 2,2.88 in,2.532 in,0.188 in,0.174 in,16.5,1.35 in ** 4,1.27 in ** 3,0.941 in ** 3,0.957 in,1.35 in ** 4,1.27 in ** 3,0.941 in ** 3,0.957 in,2.7 in ** 4,1.88 in ** 3
HSS2.875X.125,HSS2.875X0.125,RoundHSS,3.67 plf,1.01 in ** 2,2.88 in,2.648 in,0.125 in,0.116 in,24.8,0.958 in ** 4,0.884 in ** 3,0.667 in ** 3,0.976 in,0.958 in ** 4,0.884 in ** 3,0.667 in ** 3,0.976 in,1.92 in ** 4,1.33 in ** 3
HSS2.5X.250,HSS2.500X0.250,RoundHSS,6.01 plf,1.66 in ** 2,2.5 in,2.034 in,0.25 in,0.233 in,10.7,1.08 in ** 4,1.2 in ** 3,0.862 in ** 3,0.806 in,1.08 in ** 4,1.2 in ** 3,0.862 in ** 3,0.806 in,2.15 in ** 4,1.72 in ** 3
HSS2.5X.188,HSS2.500X0.188,RoundHSS,4.65 plf,1.27 in ** 2,2.5 in,2.152 in,0.188 in,0.174 in,14.4,0.865 in ** 4,0.943 in ** 3,0.692 in ** 3,0.825 in,0.865 in ** 4,0.943 in ** 3,0.692 in ** 3,0.825 in,1.73 in ** 4,1.38 in ** 3
HSS2.5X.125,HSS2.500X0.125,RoundHSS,3.17 plf,0.869 in ** 2,2.5 in,2.268 in,0.125 in,0.116 in,21.6,0.619 in ** 4,0.66 in ** 3,0.495 in ** 3,0.844 in,0.619 in ** 4,0.66 in ** 3,0.495 in ** 3,0.844 in,1.24 in ** 4,0.99 in ** 3
HSS2.375X.250,HSS2.375X0.250,RoundHSS,5.68 plf,1.57 in ** 2,2.38 in,1.914 in,0.25 in,0.233 in,10.2,0.91 in ** 4,1.07 in ** 3,0.766 in ** 3,0.762 in,0.91 in ** 4,1.07 in ** 3,0.766 in ** 3,0.762 in,1.82 in ** 4,1.53 in ** 3
HSS2.375X.218,HSS2.375X0.218,RoundHSS,5.03 plf,1.39 in ** 2,2.38 in,1.974 in,0.218 in,0.203 in,11.7,0.824 in ** 4,0.96 in ** 3,0.694 in ** 3,0.771 in,0.824 in ** 4,0.96 in ** 3,0.694 in ** 3,0.771 in,1.65 in ** 4,1.39 in ** 3
HSS2.375X.188,HSS2.375X0.188,RoundHSS,4.4 plf,1.2 in ** 2,2.38 in,2.032 in,0.188 in,0.174 in,13.6,0.733 in ** 4,0.845 in ** 3,0.617 in ** 3,0.781 in,0.733 in ** 4,0.845 in ** 3,0.617 in ** 3,0.781 in,1.47 in ** 4,1.23 in ** 3
HSS2.375X.154,HSS2.375X0.154,RoundHSS,3.66 plf,1.0 in ** 2,2.38 in,2.094 in,0.154 in,0.143 in,16.6,0.627 in ** 4,0.713 in ** 3,0.528 in ** 3,0.791 in,0.627 in ** 4,0.713 in ** 3,0.528 in ** 3,0.791 in,1.25 in ** 4,1.06 in ** 3
HSS2.375X.125,HSS2.375X0.125,RoundHSS,3.01 plf,0.823 in ** 2,2.38 in,2.148 in,0.125 in,0.116 in,20.5,0.527 in ** 4,0.592 in ** 3,0.443 in ** 3,0.8 in,0.527 in ** 4,0.592 in ** 3,0.443 in ** 3,0.8 in,1.05 in ** 4,0.887 in ** 3
HSS1.9X.188,HSS1.900X0.188,RoundHSS,3.44 plf,0.943 in ** 2,1.9 in,1.552 in,0.188 in,0.174 in,10.9,0.355 in ** 4,0.52 in ** 3,0.374 in ** 3,0.613 in,0.355 in ** 4,0.52 in ** 3,0.374 in ** 3,0.613 in,0.71 in ** 4,0.747 in ** 3
HSS1.9X.145,HSS1.900X0.145,RoundHSS,2.72 plf,0.749 in ** 2,1.9 in,1.63 in,0.145 in,0.135 in,14.1,0.293 in ** 4,0.421 in ** 3,0.309 in ** 3,0.626 in,0.293 in ** 4,0.421 in ** 3,0.309 in ** 3,0.626 in,0.586 in ** 4,0.617 in ** 3
HSS1.9X.120,HSS1.900X0.120,RoundHSS,2.28 plf,0.624 in ** 2,1.9 in,1.678 in,0.12 in,0.111 in,17.1,0.251 in ** 4,0.356 in ** 3,0.264 in ** 3,0.634 in,0.251 in ** 4,0.356 in ** 3,0.264 in ** 3,0.634 in,0.501 in ** 4,0.527 in ** 3
HSS1.66X.140,HSS1.660X0.140,RoundHSS,2.27 plf,0.625 in ** 2,1.66 in,1.4 in,0.14 in,0.13 in,12.8,0.184 in ** 4,0.305 in ** 3,0.222 in ** 3,0.543 in,0.184 in ** 4,0.305 in ** 3,0.222 in ** 3,0.543 in,0.368 in ** 4,0.444 in ** 3
Pipe26STD,Pipe26STD,PIPE,103.0 plf,28.2 in ** 2,26.0 in,25.3 in,0.375 in,0.349 in,74.5,2320.0 in ** 4,230.0 in ** 3,178.0 in ** 3,9.07 in,2320.0 in ** 4,230.0 in ** 3,178.0 in ** 3,9.07 in,4640.0 in ** 4,356.923076923077 in ** 3
Pipe24SCH20,Pipe24STD,PIPE,94.7 plf,26.0 in ** 2,24.0 in,23.3 in,0.375 in,0.349 in,68.8,1820.0 in ** 4,196.0 in ** 3,152.0 in ** 3,8.36 in,1820.0 in ** 4,196.0 in ** 3,152.0 in ** 3,8.36 in,3640.0 in ** 4,303.333333333333 in ** 3
Pipe20SCH20,Pipe20STD,PIPE,78.7 plf,21.6 in ** 2,20.0 in,19.3 in,0.375 in,0.349 in,57.3,1040.0 in ** 4,135.0 in ** 3,104.0 in ** 3,6.95 in,1040.0 in ** 4,135.0 in ** 3,104.0 in ** 3,6.95 in,2090.0 in ** 4,209.0 in ** 3
Pipe18STD,Pipe18STD,PIPE,70.7 plf,19.4 in ** 2,18.0 in,17.3 in,0.375 in,0.349 in,51.6,756.0 in ** 4,109.0 in ** 3,84.0 in ** 3,6.24 in,756.0 in ** 4,109.0 in ** 3,84.0 in ** 3,6.24 in,1510.0 in ** 4,167.777777777778 in ** 3
Pipe16SCH30,Pipe16STD,PIPE,62.6 plf,17.2 in ** 2,16.0 in,15.3 in,0.375 in,0.349 in,45.8,527.0 in ** 4,85.7 in ** 3,65.9 in ** 3,5.53 in,527.0 in ** 4,85.7 in ** 3,65.9 in ** 3,5.53 in,1050.0 in ** 4,131.25 in ** 3
Pipe14SCH30,Pipe14STD,PIPE,54.6 plf,15.0 in ** 2,14.0 in,13.3 in,0.375 in,0.349 in,40.1,350.0 in ** 4,65.2 in ** 3,50.0 in ** 3,4.83 in,350.0 in ** 4,65.2 in ** 3,50.0 in ** 3,4.83 in,700.0 in ** 4,100.0 in ** 3
Pipe12STD,Pipe12STD,PIPE,49.6 plf,13.7 in ** 2,12.75 in,12.0 in,0.375 in,0.349 in,36.5,262.0 in ** 4,53.7 in ** 3,41.0 in ** 3,4.39 in,262.0 in ** 4,53.7 in ** 3,41.0 in ** 3,4.39 in,523.0 in ** 4,82.0392156862745 in ** 3
Pipe10SCH40,Pipe10STD,PIPE,40.5 plf,11.5 in ** 2,10.75 in,10.0 in,0.365 in,0.34 in,31.6,151.0 in ** 4,36.9 in ** 3,28.1 in ** 3,3.68 in,151.0 in ** 4,36.9 in ** 3,28.1 in ** 3,3.68 in,302.0 in ** 4,56.1860465116279 in ** 3
Pipe8SCH40,Pipe8STD,PIPE,28.6 plf,7.85 in ** 2,8.625 in,7.98 in,0.322 in,0.3 in,28.8,68.1 in ** 4,20.8 in ** 3,15.8 in ** 3,2.95 in,68.1 in ** 4,20.8 in ** 3,15.8 in ** 3,2.95 in,136.0 in ** 4,31.536231884058 in ** 3
Pipe6SCH40,Pipe6STD,PIPE,19.0 plf,5.2 in ** 2,6.625 in,6.07 in,0.28 in,0.261 in,25.4,26.5 in ** 4,10.6 in ** 3,7.99 in ** 3,2.25 in,26.5 in ** 4,10.6 in ** 3,7.99 in ** 3,2.25 in,52.9 in ** 4,15.9698113207547 in ** 3
Pipe5SCH40,Pipe5STD,PIPE,14.6 plf,4.01 in ** 2,5.563 in,5.05 in,0.258 in,0.241 in,23.1,14.3 in ** 4,6.83 in ** 3,5.14 in ** 3,1.88 in,14.3 in ** 4,6.83 in ** 3,5.14 in ** 3,1.88 in,28.6 in ** 4,10.2822218227575 in ** 3
Pipe4SCH40,Pipe4STD,PIPE,10.8 plf,2.96 in ** 2,4.5 in,4.03 in,0.237 in,0.221 in,20.4,6.82 in ** 4,4.05 in ** 3,3.03 in ** 3,1.51 in,6.82 in ** 4,4.05 in ** 3,3.03 in ** 3,1.51 in,13.6 in ** 4,6.04444444444444 in ** 3
Pipe3-1/2SCH40,Pipe3-1/2STD,PIPE,9.12 plf,2.5 in ** 2,4.0 in,3.55 in,0.226 in,0.211 in,19.0,4.52 in ** 4,3.03 in ** 3,2.26 in ** 3,1.34 in,4.52 in ** 4,3.03 in ** 3,2.26 in ** 3,1.34 in,9.04 in ** 4,4.52 in ** 3
Pipe3SCH40,Pipe3STD,PIPE,7.58 plf,2.07 in ** 2,3.5 in,3.07 in,0.216 in,0.201 in,17.4,2.85 in ** 4,2.19 in ** 3,1.63 in ** 3,1.17 in,2.85 in ** 4,2.19 in ** 3,1.63 in ** 3,1.17 in,5.69 in ** 4,3.25142857142857 in ** 3
Pipe2-1/2SCH40,Pipe2-1/2STD,PIPE,5.8 plf,1.61 in ** 2,2.875 in,2.47 in,0.203 in,0.189 in,15.2,1.45 in ** 4,1.37 in ** 3,1.01 in ** 3,0.952 in,1.45 in ** 4,1.37 in ** 3,1.01 in ** 3,0.952 in,2.89 in ** 4,2.0104347826087 in ** 3
Pipe2SCH40,Pipe2STD,PIPE,3.66 plf,1.02 in ** 2,2.375 in,2.07 in,0.154 in,0.143 in,16.6,0.627 in ** 4,0.713 in ** 3,0.528 in ** 3,0.791 in,0.627 in ** 4,0.713 in ** 3,0.528 in ** 3,0.791 in,1.25 in ** 4,1.05263157894737 in ** 3
Pipe1-1/2SCH40,Pipe1-1/2STD,PIPE,2.72 plf,0.749 in ** 2,1.9 in,1.61 in,0.145 in,0.135 in,14.1,0.293 in ** 4,0.421 in ** 3,0.309 in ** 3,0.626 in,0.293 in ** 4,0.421 in ** 3,0.309 in ** 3,0.626 in,0.586 in ** 4,0.616842105263158 in ** 3
Pipe1-1/4SCH40,Pipe1-1/4STD,PIPE,2.27 plf,0.625 in ** 2,1.66 in,1.38 in,0.14 in,0.13 in,12.8,0.184 in ** 4,0.305 in ** 3,0.222 in ** 3,0.543 in,0.184 in ** 4,0.305 in ** 3,0.222 in ** 3,0.543 in,0.368 in ** 4,0.443373493975904 in ** 3
Pipe1SCH40,Pipe1STD,PIPE,1.68 plf,0.469 in ** 2,1.315 in,1.05 in,0.133 in,0.124 in,10.6,0.083 in ** 4,0.177 in ** 3,0.126 in ** 3,0.423 in,0.083 in ** 4,0.177 in ** 3,0.126 in ** 3,0.423 in,0.166 in ** 4,0.252471482889734 in ** 3
Pipe3/4SCH40,Pipe3/4STD,PIPE,1.13 plf,0.312 in ** 2,1.05 in,0.824 in,0.113 in,0.105 in,10.0,0.035 in ** 4,0.0942 in ** 3,0.0671 in ** 3,0.336 in,0.035 in ** 4,0.0942 in ** 3,0.0671 in ** 3,0.336 in,0.07 in ** 4,0.133333333333333 in ** 3
Pipe1/2SCH40,Pipe1/2STD,PIPE,0.85 plf,0.234 in ** 2,0.84 in,0.622 in,0.109 in,0.101 in,8.32,0.016 in ** 4,0.0555 in ** 3,0.0388 in ** 3,0.264 in,0.016 in ** 4,0.0555 in ** 3,0.0388 in ** 3,0.264 in,0.032 in ** 4,0.0761904761904762 in ** 3
Pipe26SCH20,Pipe26XS,PIPE,136.0 plf,36.1 in ** 2,26.0 in,25.1 in,0.5 in,0.465 in,55.9,2950.0 in ** 4,294.0 in ** 3,227.0 in ** 3,9.03 in,2950.0 in ** 4,294.0 in ** 3,227.0 in ** 3,9.03 in,5900.0 in ** 4,453.846153846154 in ** 3
Pipe24XS,Pipe24XS,PIPE,126.0 plf,33.3 in ** 2,24.0 in,23.1 in,0.5 in,0.465 in,51.6,2310.0 in ** 4,250.0 in ** 3,192.0 in ** 3,8.33 in,2310.0 in ** 4,250.0 in ** 3,192.0 in ** 3,8.33 in,4620.0 in ** 4,385.0 in ** 3
Pipe20SCH30,Pipe20XS,PIPE,104.0 plf,27.6 in ** 2,20.0 in,19.1 in,0.5 in,0.465 in,43.0,1320.0 in ** 4,172.0 in ** 3,132.0 in ** 3,6.91 in,1320.0 in ** 4,172.0 in ** 3,132.0 in ** 3,6.91 in,2640.0 in ** 4,264.0 in ** 3
Pipe18XS,Pipe18XS,PIPE,93.5 plf,24.8 in ** 2,18.0 in,17.1 in,0.5 in,0.465 in,38.7,956.0 in ** 4,139.0 in ** 3,106.0 in ** 3,6.21 in,956.0 in ** 4,139.0 in ** 3,106.0 in ** 3,6.21 in,1910.0 in ** 4,212.222222222222 in ** 3
Pipe16SCH40,Pipe16XS,PIPE,82.9 plf,22.0 in ** 2,16.0 in,15.1 in,0.5 in,0.465 in,34.4,665.0 in ** 4,109.0 in ** 3,83.1 in ** 3,5.5 in,665.0 in ** 4,109.0 in ** 3,83.1 in ** 3,5.5 in,1330.0 in ** 4,166.25 in ** 3
Pipe14XS,Pipe14XS,PIPE,72.2 plf,19.2 in ** 2,14.0 in,13.1 in,0.5 in,0.465 in,30.1,440.0 in ** 4,82.7 in ** 3,62.9 in ** 3,4.79 in,440.0 in ** 4,82.7 in ** 3,62.9 in ** 3,4.79 in,880.0 in ** 4,125.714285714286 in ** 3
Pipe12XS,Pipe12XS,PIPE,65.5 plf,17.5 in ** 2,12.75 in,11.8 in,0.5 in,0.465 in,27.4,339.0 in ** 4,70.2 in ** 3,53.2 in ** 3,4.35 in,339.0 in ** 4,70.2 in ** 3,53.2 in ** 3,4.35 in,678.0 in ** 4,106.352941176471 in ** 3
Pipe10SCH80,Pipe10XS,PIPE,54.8 plf,15.1 in ** 2,10.75 in,9.75 in,0.5 in,0.465 in,23.1,199.0 in ** 4,49.2 in ** 3,37.0 in ** 3,3.64 in,199.0 in ** 4,49.2 in ** 3,37.0 in ** 3,3.64 in,398.0 in ** 4,74.046511627907 in ** 3
Pipe8SCH80,Pipe8XS,PIPE,43.4 plf,11.9 in ** 2,8.625 in,7.63 in,0.5 in,0.465 in,18.5,100.0 in ** 4,31.0 in ** 3,23.1 in ** 3,2.89 in,100.0 in ** 4,31.0 in ** 3,23.1 in ** 3,2.89 in,199.0 in ** 4,46.1449275362319 in ** 3
Pipe6SCH80,Pipe6XS,PIPE,28.6 plf,7.83 in ** 2,6.625 in,5.76 in,0.432 in,0.403 in,16.4,38.3 in ** 4,15.6 in ** 3,11.6 in ** 3,2.2 in,38.3 in ** 4,15.6 in ** 3,11.6 in ** 3,2.2 in,76.6 in ** 4,23.1245283018868 in ** 3
Pipe5SCH80,Pipe5XS,PIPE,20.8 plf,5.73 in ** 2,5.563 in,4.81 in,0.375 in,0.349 in,15.9,19.5 in ** 4,9.5 in ** 3,7.02 in ** 3,1.85 in,19.5 in ** 4,9.5 in ** 3,7.02 in ** 3,1.85 in,39.0 in ** 4,14.0212115764875 in ** 3
Pipe4SCH80,Pipe4XS,PIPE,15.0 plf,4.14 in ** 2,4.5 in,3.83 in,0.337 in,0.315 in,14.3,9.12 in ** 4,5.53 in ** 3,4.05 in ** 3,1.48 in,9.12 in ** 4,5.53 in ** 3,4.05 in ** 3,1.48 in,18.2 in ** 4,8.08888888888889 in ** 3
Pipe3-1/2SCH80,Pipe3-1/2XS,PIPE,12.5 plf,3.43 in ** 2,4.0 in,3.36 in,0.318 in,0.296 in,13.5,5.94 in ** 4,4.07 in ** 3,2.97 in ** 3,1.31 in,5.94 in ** 4,4.07 in ** 3,2.97 in ** 3,1.31 in,11.9 in ** 4,5.95 in ** 3
Pipe3SCH80,Pipe3XS,PIPE,10.3 plf,2.83 in ** 2,3.5 in,2.9 in,0.3 in,0.28 in,12.5,3.7 in ** 4,2.91 in ** 3,2.11 in ** 3,1.14 in,3.7 in ** 4,2.91 in ** 3,2.11 in ** 3,1.14 in,7.4 in ** 4,4.22857142857143 in ** 3
Pipe2-1/2SCH80,Pipe2-1/2XS,PIPE,7.67 plf,2.1 in ** 2,2.875 in,2.32 in,0.276 in,0.257 in,11.2,1.83 in ** 4,1.77 in ** 3,1.27 in ** 3,0.93 in,1.83 in ** 4,1.77 in ** 3,1.27 in ** 3,0.93 in,3.66 in ** 4,2.54608695652174 in ** 3
Pipe2SCH80,Pipe2XS,PIPE,5.03 plf,1.4 in ** 2,2.375 in,1.94 in,0.218 in,0.204 in,11.7,0.827 in ** 4,0.964 in ** 3,0.696 in ** 3,0.771 in,0.827 in ** 4,0.964 in ** 3,0.696 in ** 3,0.771 in,1.65 in ** 4,1.38947368421053 in ** 3
Pipe1-1/2SCH80,Pipe1-1/2XS,PIPE,3.63 plf,1.0 in ** 2,1.9 in,1.5 in,0.2 in,0.186 in,10.2,0.372 in ** 4,0.549 in ** 3,0.392 in ** 3,0.61 in,0.372 in ** 4,0.549 in ** 3,0.392 in ** 3,0.61 in,0.744 in ** 4,0.783157894736842 in ** 3
Pipe1-1/4SCH80,Pipe1-1/4XS,PIPE,3.0 plf,0.837 in ** 2,1.66 in,1.28 in,0.191 in,0.178 in,9.33,0.231 in ** 4,0.393 in ** 3,0.278 in ** 3,0.528 in,0.231 in ** 4,0.393 in ** 3,0.278 in ** 3,0.528 in,0.462 in ** 4,0.556626506024097 in ** 3
Pipe1SCH80,Pipe1XS,PIPE,2.17 plf,0.602 in ** 2,1.315 in,0.957 in,0.179 in,0.166 in,7.92,0.101 in ** 4,0.221 in ** 3,0.154 in ** 3,0.41 in,0.101 in ** 4,0.221 in ** 3,0.154 in ** 3,0.41 in,0.202 in ** 4,0.307224334600761 in ** 3
Pipe3/4SCH80,Pipe3/4XS,PIPE,1.48 plf,0.407 in ** 2,1.05 in,0.742 in,0.154 in,0.143 in,7.34,0.043 in ** 4,0.119 in ** 3,0.0818 in ** 3,0.325 in,0.043 in ** 4,0.119 in ** 3,0.0818 in ** 3,0.325 in,0.086 in ** 4,0.163809523809524 in ** 3
Pipe1/2SCH80,Pipe1/2XS,PIPE,1.09 plf,0.303 in ** 2,0.84 in,0.546 in,0.147 in,0.137 in,6.13,0.019 in ** 4,0.0686 in ** 3,0.0462 in ** 3,0.253 in,0.019 in ** 4,0.0686 in ** 3,0.0462 in ** 3,0.253 in,0.038 in ** 4,0.0904761904761905 in ** 3
Pipe12SCH120,Pipe12XXS,PIPE,126.0 plf,35.4 in ** 2,12.75 in,10.9 in,1.0 in,0.93 in,13.8,625.0 in ** 4,134.0 in ** 3,97.6 in ** 3,4.2 in,625.0 in ** 4,134.0 in ** 3,97.6 in ** 3,4.2 in,1250.0 in ** 4,196.078431372549 in ** 3
Pipe10SCH140,Pipe10XXS,PIPE,104.0 plf,28.8 in ** 2,10.75 in,8.94 in,1.0 in,0.93 in,11.6,354.0 in ** 4,90.9 in ** 3,65.6 in ** 3,3.51 in,354.0 in ** 4,90.9 in ** 3,65.6 in ** 3,3.51 in,709.0 in ** 4,131.906976744186 in ** 3
Pipe8XXS,Pipe8XXS,PIPE,72.5 plf,20.0 in ** 2,8.625 in,6.88 in,0.875 in,0.816 in,10.6,154.0 in ** 4,49.9 in ** 3,35.8 in ** 3,2.78 in,154.0 in ** 4,49.9 in ** 3,35.8 in ** 3,2.78 in,308.0 in ** 4,71.4202898550725 in ** 3
Pipe6XXS,Pipe6XXS,PIPE,53.2 plf,14.7 in ** 2,6.625 in,4.9 in,0.864 in,0.805 in,8.23,63.5 in ** 4,27.4 in ** 3,19.2 in ** 3,2.08 in,63.5 in ** 4,27.4 in ** 3,19.2 in ** 3,2.08 in,127.0 in ** 4,38.3396226415094 in ** 3
Pipe5XXS,Pipe5XXS,PIPE,38.6 plf,10.7 in ** 2,5.563 in,4.06 in,0.75 in,0.699 in,7.96,32.2 in ** 4,16.7 in ** 3,11.6 in ** 3,1.74 in,32.2 in ** 4,16.7 in ** 3,11.6 in ** 3,1.74 in,64.4 in ** 4,23.1529750134819 in ** 3
Pipe4XXS,Pipe4XXS,PIPE,27.6 plf,7.66 in ** 2,4.5 in,3.15 in,0.674 in,0.628 in,7.17,14.7 in ** 4,9.5 in ** 3,6.53 in ** 3,1.39 in,14.7 in ** 4,9.5 in ** 3,6.53 in ** 3,1.39 in,29.4 in ** 4,13.0666666666667 in ** 3
Pipe3XXS,Pipe3XXS,PIPE,18.6 plf,5.17 in ** 2,3.5 in,2.3 in,0.6 in,0.559 in,6.26,5.79 in ** 4,4.89 in ** 3,3.31 in ** 3,1.06 in,5.79 in ** 4,4.89 in ** 3,3.31 in ** 3,1.06 in,11.6 in ** 4,6.62857142857143 in ** 3
Pipe2-1/2XXS,Pipe2-1/2XXS,PIPE,13.7 plf,3.83 in ** 2,2.875 in,1.77 in,0.552 in,0.514 in,5.59,2.78 in ** 4,2.91 in ** 3,1.94 in ** 3,0.854 in,2.78 in ** 4,2.91 in ** 3,1.94 in ** 3,0.854 in,5.56 in ** 4,3.86782608695652 in ** 3
Pipe2XXS,Pipe2XXS,PIPE,9.04 plf,2.51 in ** 2,2.375 in,1.5 in,0.436 in,0.406 in,5.85,1.27 in ** 4,1.6 in ** 3,1.07 in ** 3,0.711 in,1.27 in ** 4,1.6 in ** 3,1.07 in ** 3,0.711 in,2.54 in ** 4,2.13894736842105 in ** 3
