size,type,W,A,d,b,t,k,k_det,x,y,x_p,y_p,lamb,I_x,Z_x,S_x,r_x,I_y,Z_y,S_y,r_y,I_z,r_z,S_z,J,C_w,r_o,tan_alpha,I_w,z_A,z_B,z_C,w_A,w_B,w_C,S_wA,S_wC,S_zA,S_zB,S_zC,P_A,P_A2,P_B
L12X12X1-3/8,L,105.0 plf,31.1 in ** 2,12.0 in,12.0 in,1.38 in,2.09 in,2.0625 in,3.5 in,3.5 in,1.3 in,1.3 in,8.7,413.0 in ** 4,88.1 in ** 3,48.6 in ** 3,3.64 in,413.0 in ** 4,88.1 in ** 3,48.6 in ** 3,3.64 in,165.0 in ** 4,2.3 in,33.3 in ** 3,19.9 in ** 4,211.0 in ** 6,6.51 in,1,661.0 in ** 4,8.0 in,0.0 in,8.0 in,4.02 in,4.95 in,4.02 in,82.6 in ** 3,82.6 in ** 3,41.0 in ** 3,33.3 in ** 3,41.0 in ** 3,36.0 in,36.0 in,48.0 in
L12X12X1-1/4,L,96.4 plf,28.4 in ** 2,12.0 in,12.0 in,1.25 in,1.96 in,1.9375 in,3.45 in,3.45 in,1.18 in,1.18 in,9.6,381.0 in ** 4,80.7 in ** 3,44.6 in ** 3,3.66 in,381.0 in ** 4,80.7 in ** 3,44.6 in ** 3,3.66 in,152.0 in ** 4,2.31 in,31.1 in ** 3,14.9 in ** 4,160.0 in ** 6,6.54 in,1,610.0 in ** 4,8.04 in,0.0 in,8.04 in,4.05 in,4.88 in,4.05 in,75.9 in ** 3,75.9 in ** 3,37.5 in ** 3,31.1 in ** 3,37.5 in ** 3,36.0 in,36.0 in,48.0 in
L12X12X1-1/8,L,87.2 plf,25.8 in ** 2,12.0 in,12.0 in,1.13 in,1.84 in,1.8125 in,3.41 in,3.41 in,1.08 in,1.08 in,10.6,350.0 in ** 4,73.7 in ** 3,40.7 in ** 3,3.68 in,350.0 in ** 4,73.7 in ** 3,40.7 in ** 3,3.68 in,140.0 in ** 4,2.33 in,29.0 in ** 3,11.1 in ** 4,120.0 in ** 6,6.58 in,1,560.0 in ** 4,8.09 in,0.0 in,8.09 in,4.06 in,4.82 in,4.06 in,69.2 in ** 3,69.2 in ** 3,34.5 in ** 3,29.0 in ** 3,34.5 in ** 3,36.0 in,36.0 in,48.0 in
L12X12X1,L,77.8 plf,23.0 in ** 2,12.0 in,12.0 in,1.0 in,1.71 in,1.6875 in,3.36 in,3.36 in,0.958 in,0.958 in,12,315.0 in ** 4,65.9 in ** 3,36.5 in ** 3,3.7 in,315.0 in ** 4,65.9 in ** 3,36.5 in ** 3,3.7 in,126.0 in ** 4,2.34 in,26.5 in ** 3,7.8 in ** 4,84.5 in ** 6,6.61 in,1,504.0 in ** 4,8.13 in,0.0 in,8.13 in,4.09 in,4.75 in,4.09 in,62.0 in ** 3,62.0 in ** 3,30.8 in ** 3,26.5 in ** 3,30.8 in ** 3,36.0 in,36.0 in,48.0 in
L10X10X1-3/8,L,87.1 plf,25.6 in ** 2,10.0 in,10.0 in,1.38 in,2.18 in,2.1875 in,3.0 in,3.0 in,1.28 in,1.28 in,7.25,231.0 in ** 4,59.9 in ** 3,33.0 in ** 3,3.0 in,231.0 in ** 4,59.8 in ** 3,33.0 in ** 3,3.0 in,93.3 in ** 4,1.91 in,22.0 in ** 3,16.4 in ** 4,118.0 in ** 6,5.36 in,1,369.0 in ** 4,6.58 in,0.0 in,6.58 in,3.32 in,4.24 in,3.32 in,56.1 in ** 3,56.1 in ** 3,28.1 in ** 3,22.0 in ** 3,28.1 in ** 3,30.0 in,30.0 in,40.0 in
L10X10X1-1/4,L,79.9 plf,23.4 in ** 2,10.0 in,10.0 in,1.25 in,2.05 in,2.0625 in,2.95 in,2.95 in,1.17 in,1.17 in,8,213.0 in ** 4,54.9 in ** 3,30.2 in ** 3,3.02 in,213.0 in ** 4,54.9 in ** 3,30.2 in ** 3,3.02 in,85.4 in ** 4,1.91 in,20.5 in ** 3,12.3 in ** 4,89.4 in ** 6,5.39 in,1,341.0 in ** 4,6.63 in,0.0 in,6.63 in,3.34 in,4.17 in,3.34 in,51.4 in ** 3,51.4 in ** 3,25.6 in ** 3,20.5 in ** 3,25.6 in ** 3,30.0 in,30.0 in,40.0 in
L10X10X1-1/8,L,72.3 plf,21.3 in ** 2,10.0 in,10.0 in,1.13 in,1.93 in,1.9375 in,2.9 in,2.9 in,1.07 in,1.07 in,8.85,196.0 in ** 4,50.2 in ** 3,27.6 in ** 3,3.03 in,196.0 in ** 4,50.2 in ** 3,27.6 in ** 3,3.03 in,78.2 in ** 4,1.92 in,19.1 in ** 3,9.21 in ** 4,67.3 in ** 6,5.41 in,1,314.0 in ** 4,6.67 in,0.0 in,6.67 in,3.37 in,4.1 in,3.37 in,47.1 in ** 3,47.1 in ** 3,23.2 in ** 3,19.1 in ** 3,23.2 in ** 3,30.0 in,30.0 in,40.0 in
L10X10X1,L,64.7 plf,19.0 in ** 2,10.0 in,10.0 in,1.0 in,1.8 in,1.8125 in,2.86 in,2.86 in,0.95 in,0.95 in,10,177.0 in ** 4,45.0 in ** 3,24.8 in ** 3,3.05 in,177.0 in ** 4,45.0 in ** 3,24.8 in ** 3,3.05 in,70.4 in ** 4,1.92 in,17.4 in ** 3,6.46 in ** 4,47.6 in ** 6,5.46 in,1,284.0 in ** 4,6.72 in,0.0 in,6.72 in,3.38 in,4.04 in,3.38 in,42.3 in ** 3,42.3 in ** 3,20.8 in ** 3,17.4 in ** 3,20.8 in ** 3,30.0 in,30.0 in,40.0 in
L10X10X7/8,L,56.9 plf,16.8 in ** 2,10.0 in,10.0 in,0.875 in,1.68 in,1.6875 in,2.8 in,2.8 in,0.84 in,0.84 in,11.4,158.0 in ** 4,39.9 in ** 3,21.9 in ** 3,3.07 in,158.0 in ** 4,39.9 in ** 3,21.9 in ** 3,3.07 in,62.8 in ** 4,1.93 in,15.9 in ** 3,4.39 in ** 4,32.5 in ** 6,5.47 in,1,253.0 in ** 4,6.76 in,0.0 in,6.76 in,3.42 in,3.96 in,3.42 in,37.4 in ** 3,37.4 in ** 3,18.4 in ** 3,15.9 in ** 3,18.4 in ** 3,30.0 in,30.0 in,40.0 in
L10X10X3/4,L,49.1 plf,14.5 in ** 2,10.0 in,10.0 in,0.75 in,1.55 in,1.5625 in,2.76 in,2.76 in,0.725 in,0.725 in,13.3,139.0 in ** 4,34.6 in ** 3,19.2 in ** 3,3.1 in,139.0 in ** 4,34.6 in ** 3,19.2 in ** 3,3.1 in,55.7 in ** 4,1.96 in,14.3 in ** 3,2.8 in ** 4,20.9 in ** 6,5.53 in,1,222.0 in ** 4,6.81 in,0.0 in,6.81 in,3.43 in,3.9 in,3.43 in,32.6 in ** 3,32.6 in ** 3,16.2 in ** 3,14.3 in ** 3,16.2 in ** 3,30.0 in,30.0 in,40.0 in
L8X8X1-1/8,L,56.9 plf,16.8 in ** 2,8.0 in,8.0 in,1.13 in,1.75 in,1.75 in,2.4 in,2.4 in,1.05 in,1.05 in,7.08,98.1 in ** 4,31.6 in ** 3,17.5 in ** 3,2.41 in,98.1 in ** 4,31.6 in ** 3,17.5 in ** 3,2.41 in,40.7 in ** 4,1.56 in,12.0 in ** 3,7.13 in ** 4,32.5 in ** 6,4.29 in,1,155.0 in ** 4,5.26 in,0.0 in,5.26 in,2.66 in,3.39 in,2.66 in,29.5 in ** 3,29.5 in ** 3,15.3 in ** 3,12.0 in ** 3,15.3 in ** 3,24.0 in,24.0 in,32.0 in
L8X8X1,L,51.0 plf,15.1 in ** 2,8.0 in,8.0 in,1.0 in,1.63 in,1.625 in,2.36 in,2.36 in,0.944 in,0.944 in,8,89.1 in ** 4,28.5 in ** 3,15.8 in ** 3,2.43 in,89.1 in ** 4,28.5 in ** 3,15.8 in ** 3,2.43 in,36.8 in ** 4,1.56 in,11.0 in ** 3,5.08 in ** 4,23.4 in ** 6,4.32 in,1,141.0 in ** 4,5.3 in,0.0 in,5.3 in,2.67 in,3.34 in,2.67 in,26.6 in ** 3,26.6 in ** 3,13.8 in ** 3,11.0 in ** 3,13.8 in ** 3,24.0 in,24.0 in,32.0 in
L8X8X7/8,L,45.0 plf,13.3 in ** 2,8.0 in,8.0 in,0.875 in,1.5 in,1.5 in,2.31 in,2.31 in,0.831 in,0.831 in,9.14,79.7 in ** 4,25.3 in ** 3,14.0 in ** 3,2.45 in,79.7 in ** 4,25.3 in ** 3,14.0 in ** 3,2.45 in,32.7 in ** 4,1.57 in,10.0 in ** 3,3.46 in ** 4,16.1 in ** 6,4.36 in,1,127.0 in ** 4,5.35 in,0.0 in,5.35 in,2.7 in,3.27 in,2.7 in,23.7 in ** 3,23.7 in ** 3,12.1 in ** 3,10.0 in ** 3,12.1 in ** 3,24.0 in,24.0 in,32.0 in
L8X8X3/4,L,38.9 plf,11.5 in ** 2,8.0 in,8.0 in,0.75 in,1.38 in,1.375 in,2.26 in,2.26 in,0.719 in,0.719 in,10.7,69.9 in ** 4,22.0 in ** 3,12.2 in ** 3,2.46 in,69.9 in ** 4,22.0 in ** 3,12.2 in ** 3,2.46 in,28.5 in ** 4,1.57 in,8.91 in ** 3,2.21 in ** 4,10.4 in ** 6,4.39 in,1,111.0 in ** 4,5.39 in,0.0 in,5.39 in,2.73 in,3.2 in,2.73 in,20.6 in ** 3,20.6 in ** 3,10.4 in ** 3,8.91 in ** 3,10.4 in ** 3,24.0 in,24.0 in,32.0 in
L8X8X5/8,L,32.7 plf,9.69 in ** 2,8.0 in,8.0 in,0.625 in,1.25 in,1.25 in,2.21 in,2.21 in,0.606 in,0.606 in,12.8,59.6 in ** 4,18.6 in ** 3,10.3 in ** 3,2.48 in,59.6 in ** 4,18.6 in ** 3,10.3 in ** 3,2.48 in,24.2 in ** 4,1.58 in,7.73 in ** 3,1.3 in ** 4,6.16 in ** 6,4.42 in,1,95.0 in ** 4,5.44 in,0.0 in,5.44 in,2.75 in,3.13 in,2.75 in,17.5 in ** 3,17.5 in ** 3,8.8 in ** 3,7.73 in ** 3,8.8 in ** 3,24.0 in,24.0 in,32.0 in
L8X8X9/16,L,29.6 plf,8.77 in ** 2,8.0 in,8.0 in,0.563 in,1.19 in,1.1875 in,2.19 in,2.19 in,0.548 in,0.548 in,14.2,54.2 in ** 4,16.8 in ** 3,9.33 in ** 3,2.49 in,54.2 in ** 4,16.8 in ** 3,9.33 in ** 3,2.49 in,21.9 in ** 4,1.58 in,7.06 in ** 3,0.961 in ** 4,4.55 in ** 6,4.43 in,1,86.4 in ** 4,5.46 in,0.0 in,5.46 in,2.76 in,3.1 in,2.76 in,15.8 in ** 3,15.8 in ** 3,7.93 in ** 3,7.06 in ** 3,7.93 in ** 3,24.0 in,24.0 in,32.0 in
L8X8X1/2,L,26.4 plf,7.84 in ** 2,8.0 in,8.0 in,0.5 in,1.13 in,1.125 in,2.17 in,2.17 in,0.49 in,0.49 in,16,48.8 in ** 4,15.1 in ** 3,8.36 in ** 3,2.49 in,48.8 in ** 4,15.1 in ** 3,8.36 in ** 3,2.49 in,19.8 in ** 4,1.59 in,6.45 in ** 3,0.683 in ** 4,3.23 in ** 6,4.45 in,1,77.9 in ** 4,5.48 in,0.0 in,5.48 in,2.76 in,3.07 in,2.76 in,14.2 in ** 3,14.2 in ** 3,7.17 in ** 3,6.45 in ** 3,7.17 in ** 3,24.0 in,24.0 in,32.0 in
L8X6X1,L,44.2 plf,13.1 in ** 2,6.0 in,8.0 in,1.0 in,1.5 in,1.5 in,1.65 in,2.65 in,0.819 in,1.45 in,8,80.9 in ** 4,27.3 in ** 3,15.1 in ** 3,2.49 in,38.8 in ** 4,16.2 in ** 3,8.92 in ** 3,1.72 in,21.3 in ** 4,1.28 in,7.61 in ** 3,4.34 in ** 4,16.3 in ** 6,3.88 in,0.542,98.4 in ** 4,3.96 in,1.54 in,5.25 in,2.8 in,2.71 in,1.54 in,24.8 in ** 3,18.7 in ** 3,7.61 in ** 3,7.86 in ** 3,13.8 in ** 3,22.0 in,20.0 in,28.0 in
L8X6X7/8,L,39.1 plf,11.5 in ** 2,6.0 in,8.0 in,0.875 in,1.38 in,1.375 in,1.6 in,2.6 in,0.719 in,1.43 in,9.14,72.4 in ** 4,24.3 in ** 3,13.4 in ** 3,2.5 in,34.9 in ** 4,14.4 in ** 3,7.94 in ** 3,1.74 in,18.9 in ** 4,1.28 in,6.7 in ** 3,2.96 in ** 4,11.3 in ** 6,3.92 in,0.546,88.4 in ** 4,4.01 in,1.51 in,5.3 in,2.82 in,2.65 in,1.57 in,22.0 in ** 3,16.7 in ** 3,6.7 in ** 3,7.13 in ** 3,12.0 in ** 3,22.0 in,20.0 in,28.0 in
L8X6X3/4,L,33.8 plf,9.99 in ** 2,6.0 in,8.0 in,0.75 in,1.25 in,1.25 in,1.56 in,2.55 in,0.624 in,1.34 in,10.7,63.5 in ** 4,21.1 in ** 3,11.7 in ** 3,2.52 in,30.8 in ** 4,12.5 in ** 3,6.92 in ** 3,1.75 in,16.6 in ** 4,1.29 in,5.85 in ** 3,1.9 in ** 4,7.28 in ** 6,3.95 in,0.55,77.8 in ** 4,4.05 in,1.48 in,5.35 in,2.84 in,2.6 in,1.59 in,19.2 in ** 3,14.5 in ** 3,5.85 in ** 3,6.38 in ** 3,10.4 in ** 3,22.0 in,20.0 in,28.0 in
L8X6X5/8,L,28.5 plf,8.41 in ** 2,6.0 in,8.0 in,0.625 in,1.13 in,1.125 in,1.51 in,2.5 in,0.526 in,1.27 in,12.8,54.2 in ** 4,17.9 in ** 3,9.86 in ** 3,2.54 in,26.4 in ** 4,10.5 in ** 3,5.88 in ** 3,1.77 in,14.1 in ** 4,1.29 in,4.91 in ** 3,1.12 in ** 4,4.33 in ** 6,3.98 in,0.554,66.5 in ** 4,4.09 in,1.45 in,5.39 in,2.87 in,2.53 in,1.62 in,16.3 in ** 3,12.3 in ** 3,4.91 in ** 3,5.57 in ** 3,8.7 in ** 3,22.0 in,20.0 in,28.0 in
L8X6X9/16,L,25.7 plf,7.61 in ** 2,6.0 in,8.0 in,0.563 in,1.06 in,1.0625 in,1.49 in,2.48 in,0.476 in,1.24 in,14.2,49.4 in ** 4,16.2 in ** 3,8.94 in ** 3,2.55 in,24.1 in ** 4,9.52 in ** 3,5.34 in ** 3,1.78 in,12.8 in ** 4,1.3 in,4.46 in ** 3,0.823 in ** 4,3.2 in ** 6,3.99 in,0.556,60.7 in ** 4,4.11 in,1.44 in,5.41 in,2.87 in,2.51 in,1.62 in,14.8 in ** 3,11.2 in ** 3,4.46 in ** 3,5.1 in ** 3,7.9 in ** 3,22.0 in,20.0 in,28.0 in
L8X6X1/2,L,23.0 plf,6.8 in ** 2,6.0 in,8.0 in,0.5 in,1.0 in,1.0 in,1.46 in,2.46 in,0.425 in,1.2 in,16,44.4 in ** 4,14.6 in ** 3,8.01 in ** 3,2.55 in,21.7 in ** 4,8.52 in ** 3,4.79 in ** 3,1.79 in,11.5 in ** 4,1.3 in,3.98 in ** 3,0.584 in ** 4,2.28 in ** 6,4.01 in,0.557,54.6 in ** 4,4.14 in,1.44 in,5.43 in,2.89 in,2.47 in,1.64 in,13.2 in ** 3,10.1 in ** 3,3.98 in ** 3,4.66 in ** 3,7.01 in ** 3,22.0 in,20.0 in,28.0 in
L8X6X7/16,L,20.2 plf,5.99 in ** 2,6.0 in,8.0 in,0.438 in,0.938 in,0.9375 in,1.44 in,2.43 in,0.374 in,1.15 in,18.3,39.3 in ** 4,12.9 in ** 3,7.06 in ** 3,2.56 in,19.3 in ** 4,7.5 in ** 3,4.23 in ** 3,1.8 in,10.2 in ** 4,1.31 in,3.52 in ** 3,0.396 in ** 4,1.55 in ** 6,4.02 in,0.559,48.4 in ** 4,4.16 in,1.42 in,5.46 in,2.9 in,2.44 in,1.65 in,11.6 in ** 3,8.86 in ** 3,3.52 in ** 3,4.18 in ** 3,6.18 in ** 3,22.0 in,20.0 in,28.0 in
L8X4X1,L,37.4 plf,11.1 in ** 2,4.0 in,8.0 in,1.0 in,1.5 in,1.5 in,1.04 in,3.03 in,0.694 in,2.45 in,8,69.7 in ** 4,24.3 in ** 3,14.0 in ** 3,2.51 in,11.6 in ** 4,7.73 in ** 3,3.94 in ** 3,1.03 in,7.83 in ** 4,0.844 in,3.45 in ** 3,3.68 in ** 4,12.9 in ** 6,3.75 in,0.247,73.4 in ** 4,3.17 in,2.69 in,4.95 in,2.27 in,1.74 in,0.667 in,23.2 in ** 3,14.8 in ** 3,3.45 in ** 3,4.5 in ** 3,11.7 in ** 3,20.0 in,16.0 in,24.0 in
L8X4X7/8,L,33.1 plf,9.79 in ** 2,4.0 in,8.0 in,0.875 in,1.38 in,1.375 in,0.997 in,2.99 in,0.612 in,2.41 in,9.14,62.6 in ** 4,21.7 in ** 3,12.5 in ** 3,2.53 in,10.5 in ** 4,6.77 in ** 3,3.51 in ** 3,1.04 in,6.97 in ** 4,0.846 in,3.04 in ** 3,2.51 in ** 4,8.89 in ** 6,3.78 in,0.252,66.1 in ** 4,3.21 in,2.66 in,4.99 in,2.29 in,1.7 in,0.681 in,20.6 in ** 3,13.2 in ** 3,3.04 in ** 3,4.1 in ** 3,10.2 in ** 3,20.0 in,16.0 in,24.0 in
L8X4X3/4,L,28.7 plf,8.49 in ** 2,4.0 in,8.0 in,0.75 in,1.25 in,1.25 in,0.949 in,2.94 in,0.531 in,2.34 in,10.7,55.0 in ** 4,18.9 in ** 3,10.9 in ** 3,2.55 in,9.37 in ** 4,5.82 in ** 3,3.07 in ** 3,1.05 in,6.14 in ** 4,0.85 in,2.65 in ** 3,1.61 in ** 4,5.75 in ** 6,3.8 in,0.257,58.2 in ** 4,3.24 in,2.61 in,5.04 in,2.32 in,1.65 in,0.704 in,18.0 in ** 3,11.5 in ** 3,2.65 in ** 3,3.72 in ** 3,8.72 in ** 3,20.0 in,16.0 in,24.0 in
L8X4X5/8,L,24.2 plf,7.16 in ** 2,4.0 in,8.0 in,0.625 in,1.13 in,1.125 in,0.902 in,2.89 in,0.448 in,2.27 in,12.8,47.0 in ** 4,16.1 in ** 3,9.2 in ** 3,2.56 in,8.11 in ** 4,4.86 in ** 3,2.62 in ** 3,1.06 in,5.24 in ** 4,0.856 in,2.24 in ** 3,0.955 in ** 4,3.42 in ** 6,3.83 in,0.262,49.9 in ** 4,3.28 in,2.57 in,5.09 in,2.34 in,1.61 in,0.725 in,15.2 in ** 3,9.8 in ** 3,2.24 in ** 3,3.25 in ** 3,7.23 in ** 3,20.0 in,16.0 in,24.0 in
L8X4X9/16,L,21.9 plf,6.49 in ** 2,4.0 in,8.0 in,0.563 in,1.06 in,1.0625 in,0.878 in,2.86 in,0.406 in,2.23 in,14.2,42.9 in ** 4,14.6 in ** 3,8.34 in ** 3,2.57 in,7.44 in ** 4,4.39 in ** 3,2.38 in ** 3,1.07 in,4.78 in ** 4,0.859 in,2.03 in ** 3,0.704 in ** 4,2.53 in ** 6,3.84 in,0.264,45.6 in ** 4,3.29 in,2.54 in,5.12 in,2.36 in,1.58 in,0.736 in,13.9 in ** 3,8.91 in ** 3,2.03 in ** 3,3.03 in ** 3,6.49 in ** 3,20.0 in,16.0 in,24.0 in
L8X4X1/2,L,19.6 plf,5.8 in ** 2,4.0 in,8.0 in,0.5 in,1.0 in,1.0 in,0.854 in,2.84 in,0.363 in,2.2 in,16,38.6 in ** 4,13.1 in ** 3,7.48 in ** 3,2.58 in,6.75 in ** 4,3.91 in ** 3,2.15 in ** 3,1.08 in,4.32 in ** 4,0.863 in,1.82 in ** 3,0.501 in ** 4,1.8 in ** 6,3.86 in,0.266,41.0 in ** 4,3.31 in,2.52 in,5.14 in,2.37 in,1.56 in,0.744 in,12.4 in ** 3,7.98 in ** 3,1.82 in ** 3,2.77 in ** 3,5.81 in ** 3,20.0 in,16.0 in,24.0 in
L8X4X7/16,L,17.2 plf,5.11 in ** 2,4.0 in,8.0 in,0.438 in,0.938 in,0.9375 in,0.829 in,2.81 in,0.319 in,2.16 in,18.3,34.2 in ** 4,11.6 in ** 3,6.59 in ** 3,2.59 in,6.03 in ** 4,3.42 in ** 3,1.9 in ** 3,1.09 in,3.84 in ** 4,0.867 in,1.61 in ** 3,0.34 in ** 4,1.22 in ** 6,3.87 in,0.268,36.4 in ** 4,3.33 in,2.5 in,5.17 in,2.39 in,1.53 in,0.758 in,10.9 in ** 3,7.04 in ** 3,1.61 in ** 3,2.51 in ** 3,5.07 in ** 3,20.0 in,16.0 in,24.0 in
L7X4X3/4,L,26.2 plf,7.74 in ** 2,4.0 in,7.0 in,0.75 in,1.25 in,1.25 in,1.0 in,2.5 in,0.553 in,1.84 in,9.33,37.8 in ** 4,14.8 in ** 3,8.39 in ** 3,2.21 in,9.0 in ** 4,5.6 in ** 3,3.01 in ** 3,1.08 in,5.63 in ** 4,0.855 in,2.56 in ** 3,1.47 in ** 4,3.97 in ** 6,3.31 in,0.324,41.2 in ** 4,2.95 in,2.07 in,4.47 in,2.2 in,1.72 in,0.79 in,14.0 in ** 3,9.22 in ** 3,2.56 in ** 3,3.27 in ** 3,7.13 in ** 3,18.0 in,15.0 in,22.0 in
L7X4X5/8,L,22.1 plf,6.5 in ** 2,4.0 in,7.0 in,0.625 in,1.13 in,1.125 in,0.958 in,2.45 in,0.464 in,1.8 in,11.2,32.4 in ** 4,12.5 in ** 3,7.12 in ** 3,2.23 in,7.79 in ** 4,4.69 in ** 3,2.56 in ** 3,1.1 in,4.81 in ** 4,0.86 in,2.17 in ** 3,0.868 in ** 4,2.37 in ** 6,3.34 in,0.329,35.4 in ** 4,2.98 in,2.03 in,4.52 in,2.22 in,1.68 in,0.808 in,11.9 in ** 3,7.83 in ** 3,2.17 in ** 3,2.86 in ** 3,5.95 in ** 3,18.0 in,15.0 in,22.0 in
L7X4X1/2,L,17.9 plf,5.26 in ** 2,4.0 in,7.0 in,0.5 in,1.0 in,1.0 in,0.91 in,2.4 in,0.376 in,1.74 in,14,26.6 in ** 4,10.2 in ** 3,5.79 in ** 3,2.25 in,6.48 in ** 4,3.77 in ** 3,2.1 in ** 3,1.11 in,3.94 in ** 4,0.866 in,1.75 in ** 3,0.456 in ** 4,1.25 in ** 6,3.37 in,0.334,29.1 in ** 4,3.02 in,1.99 in,4.57 in,2.25 in,1.62 in,0.834 in,9.64 in ** 3,6.37 in ** 3,1.75 in ** 3,2.43 in ** 3,4.72 in ** 3,18.0 in,15.0 in,22.0 in
L7X4X7/16,L,15.7 plf,4.63 in ** 2,4.0 in,7.0 in,0.438 in,0.938 in,0.9375 in,0.886 in,2.38 in,0.331 in,1.71 in,16,23.6 in ** 4,9.03 in ** 3,5.11 in ** 3,2.26 in,5.79 in ** 4,3.31 in ** 3,1.86 in ** 3,1.12 in,3.5 in ** 4,0.869 in,1.55 in ** 3,0.31 in ** 4,0.851 in ** 6,3.38 in,0.337,25.9 in ** 4,3.04 in,1.97 in,4.59 in,2.26 in,1.6 in,0.846 in,8.52 in ** 3,5.64 in ** 3,1.55 in ** 3,2.19 in ** 3,4.14 in ** 3,18.0 in,15.0 in,22.0 in
L7X4X3/8,L,13.6 plf,4.0 in ** 2,4.0 in,7.0 in,0.375 in,0.875 in,0.875 in,0.861 in,2.35 in,0.286 in,1.67 in,18.7,20.5 in ** 4,7.81 in ** 3,4.42 in ** 3,2.27 in,5.06 in ** 4,2.84 in ** 3,1.61 in ** 3,1.12 in,3.04 in ** 4,0.873 in,1.33 in ** 3,0.198 in ** 4,0.544 in ** 6,3.4 in,0.339,22.5 in ** 4,3.06 in,1.95 in,4.62 in,2.28 in,1.57 in,0.859 in,7.35 in ** 3,4.87 in ** 3,1.33 in ** 3,1.94 in ** 3,3.54 in ** 3,18.0 in,15.0 in,22.0 in
L6X6X1,L,37.4 plf,11.0 in ** 2,6.0 in,6.0 in,1.0 in,1.5 in,1.5 in,1.86 in,1.86 in,0.917 in,0.917 in,6,35.4 in ** 4,15.4 in ** 3,8.55 in ** 3,1.79 in,35.4 in ** 4,15.4 in ** 3,8.55 in ** 3,1.79 in,14.9 in ** 4,1.17 in,5.67 in ** 3,3.68 in ** 4,9.24 in ** 6,3.18 in,1,55.8 in ** 4,3.89 in,0.0 in,3.89 in,1.97 in,2.63 in,1.97 in,14.3 in ** 3,14.3 in ** 3,7.56 in ** 3,5.67 in ** 3,7.56 in ** 3,18.0 in,18.0 in,24.0 in
L6X6X7/8,L,33.1 plf,9.75 in ** 2,6.0 in,6.0 in,0.875 in,1.38 in,1.375 in,1.81 in,1.81 in,0.813 in,0.813 in,6.86,31.9 in ** 4,13.7 in ** 3,7.61 in ** 3,1.81 in,31.9 in ** 4,13.7 in ** 3,7.61 in ** 3,1.81 in,13.3 in ** 4,1.17 in,5.2 in ** 3,2.51 in ** 4,6.41 in ** 6,3.21 in,1,50.5 in ** 4,3.93 in,0.0 in,3.93 in,1.99 in,2.56 in,1.99 in,12.8 in ** 3,12.8 in ** 3,6.68 in ** 3,5.2 in ** 3,6.68 in ** 3,18.0 in,18.0 in,24.0 in
L6X6X3/4,L,28.7 plf,8.46 in ** 2,6.0 in,6.0 in,0.75 in,1.25 in,1.25 in,1.77 in,1.77 in,0.705 in,0.705 in,8,28.1 in ** 4,11.9 in ** 3,6.64 in ** 3,1.82 in,28.1 in ** 4,11.9 in ** 3,6.64 in ** 3,1.82 in,11.6 in ** 4,1.17 in,4.64 in ** 3,1.61 in ** 4,4.17 in ** 6,3.24 in,1,44.6 in ** 4,3.98 in,0.0 in,3.98 in,2.0 in,2.5 in,2.0 in,11.2 in ** 3,11.2 in ** 3,5.8 in ** 3,4.64 in ** 3,5.8 in ** 3,18.0 in,18.0 in,24.0 in
L6X6X5/8,L,24.2 plf,7.13 in ** 2,6.0 in,6.0 in,0.625 in,1.13 in,1.125 in,1.72 in,1.72 in,0.594 in,0.594 in,9.6,24.1 in ** 4,10.1 in ** 3,5.64 in ** 3,1.84 in,24.1 in ** 4,10.1 in ** 3,5.64 in ** 3,1.84 in,9.81 in ** 4,1.17 in,4.04 in ** 3,0.955 in ** 4,2.5 in ** 6,3.28 in,1,38.4 in ** 4,4.02 in,0.0 in,4.02 in,2.03 in,2.43 in,2.03 in,9.55 in ** 3,9.55 in ** 3,4.83 in ** 3,4.04 in ** 3,4.83 in ** 3,18.0 in,18.0 in,24.0 in
L6X6X9/16,L,21.9 plf,6.45 in ** 2,6.0 in,6.0 in,0.563 in,1.06 in,1.0625 in,1.7 in,1.7 in,0.538 in,0.538 in,10.7,22.0 in ** 4,9.18 in ** 3,5.12 in ** 3,1.85 in,22.0 in ** 4,9.18 in ** 3,5.12 in ** 3,1.85 in,8.9 in ** 4,1.18 in,3.71 in ** 3,0.704 in ** 4,1.85 in ** 6,3.29 in,1,35.1 in ** 4,4.04 in,0.0 in,4.04 in,2.04 in,2.4 in,2.04 in,8.69 in ** 3,8.69 in ** 3,4.36 in ** 3,3.71 in ** 3,4.36 in ** 3,18.0 in,18.0 in,24.0 in
L6X6X1/2,L,19.6 plf,5.77 in ** 2,6.0 in,6.0 in,0.5 in,1.0 in,1.0 in,1.67 in,1.67 in,0.481 in,0.481 in,12,19.9 in ** 4,8.22 in ** 3,4.59 in ** 3,1.86 in,19.9 in ** 4,8.22 in ** 3,4.59 in ** 3,1.86 in,8.06 in ** 4,1.18 in,3.42 in ** 3,0.501 in ** 4,1.32 in ** 6,3.31 in,1,31.8 in ** 4,4.07 in,0.0 in,4.07 in,2.06 in,2.36 in,2.06 in,7.81 in ** 3,7.81 in ** 3,3.91 in ** 3,3.42 in ** 3,3.91 in ** 3,18.0 in,18.0 in,24.0 in
L6X6X7/16,L,17.2 plf,5.08 in ** 2,6.0 in,6.0 in,0.438 in,0.938 in,0.9375 in,1.65 in,1.65 in,0.423 in,0.423 in,13.7,17.6 in ** 4,7.25 in ** 3,4.06 in ** 3,1.86 in,17.6 in ** 4,7.25 in ** 3,4.06 in ** 3,1.86 in,7.05 in ** 4,1.18 in,3.03 in ** 3,0.34 in ** 4,0.899 in ** 6,3.32 in,1,28.1 in ** 4,4.09 in,0.0 in,4.09 in,2.06 in,2.33 in,2.06 in,6.87 in ** 3,6.87 in ** 3,3.42 in ** 3,3.03 in ** 3,3.42 in ** 3,18.0 in,18.0 in,24.0 in
L6X6X3/8,L,14.9 plf,4.38 in ** 2,6.0 in,6.0 in,0.375 in,0.875 in,0.875 in,1.62 in,1.62 in,0.365 in,0.365 in,16,15.4 in ** 4,6.27 in ** 3,3.51 in ** 3,1.87 in,15.4 in ** 4,6.27 in ** 3,3.51 in ** 3,1.87 in,6.21 in ** 4,1.19 in,2.71 in ** 3,0.218 in ** 4,0.575 in ** 6,3.34 in,1,24.6 in ** 4,4.11 in,0.0 in,4.11 in,2.08 in,2.29 in,2.08 in,5.99 in ** 3,5.99 in ** 3,2.99 in ** 3,2.71 in ** 3,2.99 in ** 3,18.0 in,18.0 in,24.0 in
L6X6X5/16,L,12.4 plf,3.67 in ** 2,6.0 in,6.0 in,0.313 in,0.813 in,0.8125 in,1.6 in,1.6 in,0.306 in,0.306 in,19.2,13.0 in ** 4,5.26 in ** 3,2.95 in ** 3,1.88 in,13.0 in ** 4,5.26 in ** 3,2.95 in ** 3,1.88 in,5.2 in ** 4,1.19 in,2.3 in ** 3,0.129 in ** 4,0.338 in ** 6,3.35 in,1,20.8 in ** 4,4.13 in,0.0 in,4.13 in,2.09 in,2.26 in,2.09 in,5.04 in ** 3,5.04 in ** 3,2.49 in ** 3,2.3 in ** 3,2.49 in ** 3,18.0 in,18.0 in,24.0 in
L6X4X7/8,L,27.2 plf,8.0 in ** 2,4.0 in,6.0 in,0.875 in,1.38 in,1.375 in,1.12 in,2.12 in,0.667 in,1.43 in,6.86,27.7 in ** 4,12.7 in ** 3,7.13 in ** 3,1.86 in,9.7 in ** 4,6.26 in ** 3,3.37 in ** 3,1.1 in,5.82 in ** 4,0.854 in,2.91 in ** 3,2.03 in ** 4,4.04 in ** 6,2.82 in,0.421,31.6 in ** 4,2.67 in,1.52 in,3.84 in,2.0 in,1.86 in,0.877 in,11.8 in ** 3,8.23 in ** 3,2.91 in ** 3,3.13 in ** 3,6.64 in ** 3,16.0 in,14.0 in,20.0 in
L6X4X3/4,L,23.6 plf,6.94 in ** 2,4.0 in,6.0 in,0.75 in,1.25 in,1.25 in,1.07 in,2.07 in,0.578 in,1.37 in,8,24.5 in ** 4,11.1 in ** 3,6.23 in ** 3,1.88 in,8.63 in ** 4,5.42 in ** 3,2.95 in ** 3,1.12 in,5.08 in ** 4,0.856 in,2.5 in ** 3,1.31 in ** 4,2.64 in ** 6,2.85 in,0.428,28.1 in ** 4,2.71 in,1.48 in,3.89 in,2.03 in,1.8 in,0.906 in,10.4 in ** 3,7.22 in ** 3,2.5 in ** 3,2.82 in ** 3,5.61 in ** 3,16.0 in,14.0 in,20.0 in
L6X4X5/8,L,20.0 plf,5.86 in ** 2,4.0 in,6.0 in,0.625 in,1.13 in,1.125 in,1.03 in,2.03 in,0.488 in,1.31 in,9.6,21.0 in ** 4,9.44 in ** 3,5.29 in ** 3,1.89 in,7.48 in ** 4,4.56 in ** 3,2.52 in ** 3,1.13 in,4.32 in ** 4,0.859 in,2.12 in ** 3,0.775 in ** 4,1.59 in ** 6,2.88 in,0.435,24.2 in ** 4,2.76 in,1.45 in,3.93 in,2.04 in,1.75 in,0.926 in,8.77 in ** 3,6.16 in ** 3,2.12 in ** 3,2.47 in ** 3,4.67 in ** 3,16.0 in,14.0 in,20.0 in
L6X4X9/16,L,18.1 plf,5.31 in ** 2,4.0 in,6.0 in,0.563 in,1.06 in,1.0625 in,1.0 in,2.0 in,0.443 in,1.28 in,10.7,19.2 in ** 4,8.59 in ** 3,4.81 in ** 3,1.9 in,6.86 in ** 4,4.13 in ** 3,2.29 in ** 3,1.14 in,3.93 in ** 4,0.861 in,1.91 in ** 3,0.572 in ** 4,1.18 in ** 6,2.9 in,0.438,22.1 in ** 4,2.78 in,1.43 in,3.95 in,2.06 in,1.72 in,0.947 in,7.95 in ** 3,5.59 in ** 3,1.91 in ** 3,2.28 in ** 3,4.15 in ** 3,16.0 in,14.0 in,20.0 in
L6X4X1/2,L,16.2 plf,4.75 in ** 2,4.0 in,6.0 in,0.5 in,1.0 in,1.0 in,0.981 in,1.98 in,0.396 in,1.25 in,12,17.3 in ** 4,7.71 in ** 3,4.31 in ** 3,1.91 in,6.22 in ** 4,3.69 in ** 3,2.06 in ** 3,1.14 in,3.54 in ** 4,0.864 in,1.72 in ** 3,0.407 in ** 4,0.843 in ** 6,2.91 in,0.44,20.0 in ** 4,2.8 in,1.41 in,3.97 in,2.06 in,1.7 in,0.955 in,7.14 in ** 3,5.04 in ** 3,1.72 in ** 3,2.08 in ** 3,3.71 in ** 3,16.0 in,14.0 in,20.0 in
L6X4X7/16,L,14.3 plf,4.18 in ** 2,4.0 in,6.0 in,0.438 in,0.938 in,0.9375 in,0.957 in,1.95 in,0.348 in,1.22 in,13.7,15.4 in ** 4,6.81 in ** 3,3.81 in ** 3,1.92 in,5.56 in ** 4,3.24 in ** 3,1.83 in ** 3,1.15 in,3.14 in ** 4,0.867 in,1.51 in ** 3,0.276 in ** 4,0.575 in ** 6,2.93 in,0.443,17.8 in ** 4,2.82 in,1.39 in,4.0 in,2.08 in,1.67 in,0.97 in,6.31 in ** 3,4.45 in ** 3,1.51 in ** 3,1.88 in ** 3,3.24 in ** 3,16.0 in,14.0 in,20.0 in
L6X4X3/8,L,12.3 plf,3.61 in ** 2,4.0 in,6.0 in,0.375 in,0.875 in,0.875 in,0.933 in,1.93 in,0.301 in,1.19 in,16,13.4 in ** 4,5.89 in ** 3,3.3 in ** 3,1.93 in,4.86 in ** 4,2.79 in ** 3,1.58 in ** 3,1.16 in,2.73 in ** 4,0.87 in,1.31 in ** 3,0.177 in ** 4,0.369 in ** 6,2.94 in,0.446,15.5 in ** 4,2.84 in,1.38 in,4.02 in,2.09 in,1.64 in,0.979 in,5.46 in ** 3,3.86 in ** 3,1.31 in ** 3,1.66 in ** 3,2.79 in ** 3,16.0 in,14.0 in,20.0 in
L6X4X5/16,L,10.3 plf,3.03 in ** 2,4.0 in,6.0 in,0.313 in,0.813 in,0.8125 in,0.908 in,1.9 in,0.253 in,1.15 in,19.2,11.4 in ** 4,4.96 in ** 3,2.77 in ** 3,1.94 in,4.13 in ** 4,2.33 in ** 3,1.34 in ** 3,1.17 in,2.31 in ** 4,0.874 in,1.09 in ** 3,0.104 in ** 4,0.217 in ** 6,2.96 in,0.449,13.2 in ** 4,2.85 in,1.36 in,4.05 in,2.11 in,1.6 in,0.988 in,4.63 in ** 3,3.26 in ** 3,1.09 in ** 3,1.44 in ** 3,2.34 in ** 3,16.0 in,14.0 in,20.0 in
L6X3-1/2X1/2,L,15.3 plf,4.5 in ** 2,3.5 in,6.0 in,0.5 in,1.0 in,1.0 in,0.829 in,2.07 in,0.375 in,1.5 in,12,16.6 in ** 4,7.49 in ** 3,4.23 in ** 3,1.92 in,4.24 in ** 4,2.88 in ** 3,1.59 in ** 3,0.968 in,2.59 in ** 4,0.756 in,1.34 in ** 3,0.386 in ** 4,0.779 in ** 6,2.88 in,0.343,18.3 in ** 4,2.59 in,1.69 in,3.9 in,1.94 in,1.46 in,0.729 in,7.07 in ** 3,4.69 in ** 3,1.34 in ** 3,1.77 in ** 3,3.55 in ** 3,15.5 in,13.0 in,19.0 in
L6X3-1/2X3/8,L,11.7 plf,3.44 in ** 2,3.5 in,6.0 in,0.375 in,0.875 in,0.875 in,0.781 in,2.02 in,0.287 in,1.41 in,16,12.9 in ** 4,5.74 in ** 3,3.23 in ** 3,1.93 in,3.33 in ** 4,2.18 in ** 3,1.22 in ** 3,0.984 in,2.01 in ** 4,0.763 in,1.02 in ** 3,0.168 in ** 4,0.341 in ** 6,2.9 in,0.349,14.2 in ** 4,2.62 in,1.65 in,3.95 in,1.97 in,1.4 in,0.748 in,5.42 in ** 3,3.59 in ** 3,1.02 in ** 3,1.44 in ** 3,2.69 in ** 3,15.5 in,13.0 in,19.0 in
L6X3-1/2X5/16,L,9.8 plf,2.89 in ** 2,3.5 in,6.0 in,0.313 in,0.813 in,0.8125 in,0.756 in,2.0 in,0.241 in,1.38 in,19.2,10.9 in ** 4,4.84 in ** 3,2.72 in ** 3,1.94 in,2.84 in ** 4,1.82 in ** 3,1.03 in ** 3,0.991 in,1.7 in ** 4,0.767 in,0.859 in ** 3,0.099 in ** 4,0.201 in ** 6,2.92 in,0.352,12.0 in ** 4,2.65 in,1.64 in,3.97 in,1.98 in,1.38 in,0.764 in,4.53 in ** 3,3.02 in ** 3,0.859 in ** 3,1.23 in ** 3,2.23 in ** 3,15.5 in,13.0 in,19.0 in
L5X5X7/8,L,27.2 plf,8.0 in ** 2,5.0 in,5.0 in,0.875 in,1.38 in,1.375 in,1.56 in,1.56 in,0.8 in,0.8 in,5.71,17.8 in ** 4,9.31 in ** 3,5.16 in ** 3,1.49 in,17.8 in ** 4,9.31 in ** 3,5.16 in ** 3,1.49 in,7.6 in ** 4,0.971 in,3.44 in ** 3,2.07 in ** 4,3.53 in ** 6,2.64 in,1,28.0 in ** 4,3.23 in,0.0 in,3.23 in,1.64 in,2.21 in,1.64 in,8.67 in ** 3,8.67 in ** 3,4.63 in ** 3,3.44 in ** 3,4.63 in ** 3,15.0 in,15.0 in,20.0 in
L5X5X3/4,L,23.6 plf,6.98 in ** 2,5.0 in,5.0 in,0.75 in,1.25 in,1.25 in,1.52 in,1.52 in,0.698 in,0.698 in,6.67,15.7 in ** 4,8.14 in ** 3,4.52 in ** 3,1.5 in,15.7 in ** 4,8.14 in ** 3,4.52 in ** 3,1.5 in,6.55 in ** 4,0.972 in,3.05 in ** 3,1.33 in ** 4,2.32 in ** 6,2.67 in,1,24.8 in ** 4,3.27 in,0.0 in,3.27 in,1.65 in,2.15 in,1.65 in,7.58 in ** 3,7.58 in ** 3,3.97 in ** 3,3.05 in ** 3,3.97 in ** 3,15.0 in,15.0 in,20.0 in
L5X5X5/8,L,20.0 plf,5.9 in ** 2,5.0 in,5.0 in,0.625 in,1.13 in,1.125 in,1.47 in,1.47 in,0.59 in,0.59 in,8,13.6 in ** 4,6.93 in ** 3,3.85 in ** 3,1.52 in,13.6 in ** 4,6.93 in ** 3,3.85 in ** 3,1.52 in,5.62 in ** 4,0.975 in,2.7 in ** 3,0.792 in ** 4,1.4 in ** 6,2.7 in,1,21.6 in ** 4,3.31 in,0.0 in,3.31 in,1.68 in,2.08 in,1.68 in,6.53 in ** 3,6.53 in ** 3,3.35 in ** 3,2.7 in ** 3,3.35 in ** 3,15.0 in,15.0 in,20.0 in
L5X5X1/2,L,16.2 plf,4.79 in ** 2,5.0 in,5.0 in,0.5 in,1.0 in,1.0 in,1.42 in,1.42 in,0.479 in,0.479 in,10,11.3 in ** 4,5.66 in ** 3,3.15 in ** 3,1.53 in,11.3 in ** 4,5.66 in ** 3,3.15 in ** 3,1.53 in,4.64 in ** 4,0.98 in,2.31 in ** 3,0.417 in ** 4,0.744 in ** 6,2.73 in,1,18.0 in ** 4,3.36 in,0.0 in,3.36 in,1.7 in,2.01 in,1.7 in,5.36 in ** 3,5.36 in ** 3,2.73 in ** 3,2.31 in ** 3,2.73 in ** 3,15.0 in,15.0 in,20.0 in
L5X5X7/16,L,14.3 plf,4.22 in ** 2,5.0 in,5.0 in,0.438 in,0.938 in,0.9375 in,1.4 in,1.4 in,0.422 in,0.422 in,11.4,10.0 in ** 4,5.0 in ** 3,2.78 in ** 3,1.54 in,10.0 in ** 4,5.0 in ** 3,2.78 in ** 3,1.54 in,4.04 in ** 4,0.983 in,2.04 in ** 3,0.284 in ** 4,0.508 in ** 6,2.74 in,1,15.9 in ** 4,3.38 in,0.0 in,3.38 in,1.71 in,1.98 in,1.71 in,4.7 in ** 3,4.7 in ** 3,2.36 in ** 3,2.04 in ** 3,2.36 in ** 3,15.0 in,15.0 in,20.0 in
L5X5X3/8,L,12.3 plf,3.65 in ** 2,5.0 in,5.0 in,0.375 in,0.875 in,0.875 in,1.37 in,1.37 in,0.365 in,0.365 in,13.3,8.76 in ** 4,4.33 in ** 3,2.41 in ** 3,1.55 in,8.76 in ** 4,4.33 in ** 3,2.41 in ** 3,1.55 in,3.55 in ** 4,0.986 in,1.83 in ** 3,0.183 in ** 4,0.327 in ** 6,2.76 in,1,14.0 in ** 4,3.4 in,0.0 in,3.4 in,1.73 in,1.94 in,1.73 in,4.12 in ** 3,4.12 in ** 3,2.05 in ** 3,1.83 in ** 3,2.05 in ** 3,15.0 in,15.0 in,20.0 in
L5X5X5/16,L,10.3 plf,3.07 in ** 2,5.0 in,5.0 in,0.313 in,0.813 in,0.8125 in,1.35 in,1.35 in,0.307 in,0.307 in,16,7.44 in ** 4,3.65 in ** 3,2.04 in ** 3,1.56 in,7.44 in ** 4,3.65 in ** 3,2.04 in ** 3,1.56 in,3.0 in ** 4,0.99 in,1.57 in ** 3,0.108 in ** 4,0.193 in ** 6,2.77 in,1,11.9 in ** 4,3.42 in,0.0 in,3.42 in,1.74 in,1.91 in,1.74 in,3.48 in ** 3,3.48 in ** 3,1.72 in ** 3,1.57 in ** 3,1.72 in ** 3,15.0 in,15.0 in,20.0 in
L5X3-1/2X3/4,L,19.8 plf,5.85 in ** 2,3.5 in,5.0 in,0.75 in,1.19 in,1.1875 in,0.993 in,1.74 in,0.585 in,1.1 in,6.67,13.9 in ** 4,7.6 in ** 3,4.26 in ** 3,1.55 in,5.52 in ** 4,4.07 in ** 3,2.2 in ** 3,0.974 in,3.23 in ** 4,0.744 in,1.9 in ** 3,1.09 in ** 4,1.52 in ** 6,2.36 in,0.464,16.2 in ** 4,2.29 in,1.16 in,3.22 in,1.7 in,1.63 in,0.81 in,7.07 in ** 3,5.03 in ** 3,1.9 in ** 3,1.98 in ** 3,3.99 in ** 3,13.5 in,12.0 in,17.0 in
L5X3-1/2X5/8,L,16.8 plf,4.93 in ** 2,3.5 in,5.0 in,0.625 in,1.06 in,1.0625 in,0.947 in,1.69 in,0.493 in,1.06 in,8,12.0 in ** 4,6.5 in ** 3,3.63 in ** 3,1.56 in,4.8 in ** 4,3.43 in ** 3,1.88 in ** 3,0.987 in,2.74 in ** 4,0.746 in,1.59 in ** 3,0.651 in ** 4,0.918 in ** 6,2.39 in,0.472,14.1 in ** 4,2.33 in,1.12 in,3.26 in,1.72 in,1.58 in,0.838 in,6.05 in ** 3,4.33 in ** 3,1.59 in ** 3,1.73 in ** 3,3.27 in ** 3,13.5 in,12.0 in,17.0 in
L5X3-1/2X1/2,L,13.6 plf,4.0 in ** 2,3.5 in,5.0 in,0.5 in,0.938 in,0.9375 in,0.901 in,1.65 in,0.4 in,1.0 in,10,10.0 in ** 4,5.33 in ** 3,2.97 in ** 3,1.58 in,4.02 in ** 4,2.79 in ** 3,1.55 in ** 3,1.0 in,2.26 in ** 4,0.75 in,1.3 in ** 3,0.343 in ** 4,0.491 in ** 6,2.42 in,0.479,11.8 in ** 4,2.38 in,1.1 in,3.3 in,1.74 in,1.52 in,0.854 in,4.96 in ** 3,3.58 in ** 3,1.3 in ** 3,1.49 in ** 3,2.65 in ** 3,13.5 in,12.0 in,17.0 in
L5X3-1/2X3/8,L,10.4 plf,3.05 in ** 2,3.5 in,5.0 in,0.375 in,0.813 in,0.8125 in,0.854 in,1.6 in,0.305 in,0.933 in,13.3,7.75 in ** 4,4.09 in ** 3,2.28 in ** 3,1.59 in,3.15 in ** 4,2.12 in ** 3,1.19 in ** 3,1.02 in,1.73 in ** 4,0.755 in,0.983 in ** 3,0.15 in ** 4,0.217 in ** 6,2.45 in,0.485,9.16 in ** 4,2.43 in,1.07 in,3.35 in,1.76 in,1.47 in,0.884 in,3.77 in ** 3,2.73 in ** 3,0.983 in ** 3,1.18 in ** 3,1.96 in ** 3,13.5 in,12.0 in,17.0 in
L5X3-1/2X5/16,L,8.7 plf,2.56 in ** 2,3.5 in,5.0 in,0.313 in,0.75 in,0.75 in,0.829 in,1.57 in,0.256 in,0.904 in,16,6.58 in ** 4,3.45 in ** 3,1.92 in ** 3,1.6 in,2.69 in ** 4,1.77 in ** 3,1.01 in ** 3,1.02 in,1.47 in ** 4,0.758 in,0.826 in ** 3,0.0883 in ** 4,0.128 in ** 6,2.47 in,0.489,7.8 in ** 4,2.44 in,1.05 in,3.38 in,1.78 in,1.43 in,0.902 in,3.2 in ** 3,2.31 in ** 3,0.826 in ** 3,1.03 in ** 3,1.63 in ** 3,13.5 in,12.0 in,17.0 in
L5X3-1/2X1/4,L,7.0 plf,2.07 in ** 2,3.5 in,5.0 in,0.25 in,0.688 in,0.6875 in,0.804 in,1.55 in,0.207 in,0.86 in,20,5.36 in ** 4,2.78 in ** 3,1.55 in ** 3,1.61 in,2.2 in ** 4,1.42 in ** 3,0.816 in ** 3,1.03 in,1.19 in ** 4,0.761 in,0.665 in ** 3,0.0464 in ** 4,0.067 in ** 6,2.48 in,0.491,6.37 in ** 4,2.47 in,1.04 in,3.4 in,1.79 in,1.41 in,0.912 in,2.58 in ** 3,1.87 in ** 3,0.665 in ** 3,0.844 in ** 3,1.3 in ** 3,13.5 in,12.0 in,17.0 in
L5X3X1/2,L,12.8 plf,3.75 in ** 2,3.0 in,5.0 in,0.5 in,0.938 in,0.9375 in,0.746 in,1.74 in,0.375 in,1.25 in,10,9.43 in ** 4,5.12 in ** 3,2.89 in ** 3,1.58 in,2.55 in ** 4,2.08 in ** 3,1.13 in ** 3,0.824 in,1.55 in ** 4,0.642 in,0.957 in ** 3,0.322 in ** 4,0.444 in ** 6,2.38 in,0.357,10.4 in ** 4,2.16 in,1.39 in,3.24 in,1.62 in,1.29 in,0.628 in,4.81 in ** 3,3.21 in ** 3,0.957 in ** 3,1.2 in ** 3,2.47 in ** 3,13.0 in,11.0 in,16.0 in
L5X3X7/16,L,11.3 plf,3.31 in ** 2,3.0 in,5.0 in,0.438 in,0.875 in,0.875 in,0.722 in,1.72 in,0.331 in,1.22 in,11.4,8.41 in ** 4,4.53 in ** 3,2.56 in ** 3,1.59 in,2.29 in ** 4,1.82 in ** 3,1.0 in ** 3,0.831 in,1.37 in ** 4,0.644 in,0.84 in ** 3,0.22 in ** 4,0.304 in ** 6,2.39 in,0.361,9.33 in ** 4,2.19 in,1.37 in,3.26 in,1.63 in,1.26 in,0.64 in,4.26 in ** 3,2.86 in ** 3,0.84 in ** 3,1.09 in ** 3,2.14 in ** 3,13.0 in,11.0 in,16.0 in
L5X3X3/8,L,9.8 plf,2.86 in ** 2,3.0 in,5.0 in,0.375 in,0.813 in,0.8125 in,0.698 in,1.69 in,0.286 in,1.19 in,13.3,7.35 in ** 4,3.93 in ** 3,2.22 in ** 3,1.6 in,2.01 in ** 4,1.57 in ** 3,0.874 in ** 3,0.838 in,1.2 in ** 4,0.646 in,0.727 in ** 3,0.141 in ** 4,0.196 in ** 6,2.41 in,0.364,8.16 in ** 4,2.2 in,1.35 in,3.29 in,1.65 in,1.23 in,0.652 in,3.71 in ** 3,2.48 in ** 3,0.727 in ** 3,0.976 in ** 3,1.84 in ** 3,13.0 in,11.0 in,16.0 in
L5X3X5/16,L,8.2 plf,2.41 in ** 2,3.0 in,5.0 in,0.313 in,0.75 in,0.75 in,0.673 in,1.67 in,0.241 in,1.14 in,16,6.24 in ** 4,3.32 in ** 3,1.87 in ** 3,1.61 in,1.72 in ** 4,1.31 in ** 3,0.739 in ** 3,0.846 in,1.01 in ** 4,0.649 in,0.608 in ** 3,0.0832 in ** 4,0.116 in ** 6,2.42 in,0.368,6.95 in ** 4,2.22 in,1.33 in,3.3 in,1.66 in,1.21 in,0.665 in,3.13 in ** 3,2.11 in ** 3,0.608 in ** 3,0.835 in ** 3,1.52 in ** 3,13.0 in,11.0 in,16.0 in
L5X3X1/4,L,6.6 plf,1.94 in ** 2,3.0 in,5.0 in,0.25 in,0.688 in,0.6875 in,0.648 in,1.64 in,0.194 in,1.12 in,20,5.09 in ** 4,2.68 in ** 3,1.51 in ** 3,1.62 in,1.41 in ** 4,1.05 in ** 3,0.6 in ** 3,0.853 in,0.825 in ** 4,0.652 in,0.491 in ** 3,0.0438 in ** 4,0.0606 in ** 6,2.43 in,0.371,5.68 in ** 4,2.24 in,1.31 in,3.33 in,1.68 in,1.18 in,0.677 in,2.54 in ** 3,1.71 in ** 3,0.491 in ** 3,0.699 in ** 3,1.22 in ** 3,13.0 in,11.0 in,16.0 in
L4X4X3/4,L,18.5 plf,5.44 in ** 2,4.0 in,4.0 in,0.75 in,1.13 in,1.125 in,1.27 in,1.27 in,0.68 in,0.68 in,5.33,7.62 in ** 4,5.02 in ** 3,2.79 in ** 3,1.18 in,7.62 in ** 4,5.02 in ** 3,2.79 in ** 3,1.18 in,3.25 in ** 4,0.774 in,1.81 in ** 3,1.02 in ** 4,1.12 in ** 6,2.1 in,1,12.0 in ** 4,2.56 in,0.0 in,2.56 in,1.3 in,1.8 in,1.3 in,4.69 in ** 3,4.69 in ** 3,2.5 in ** 3,1.81 in ** 3,2.5 in ** 3,12.0 in,12.0 in,16.0 in
L4X4X5/8,L,15.7 plf,4.61 in ** 2,4.0 in,4.0 in,0.625 in,1.0 in,1.0 in,1.22 in,1.22 in,0.576 in,0.576 in,6.4,6.62 in ** 4,4.28 in ** 3,2.38 in ** 3,1.2 in,6.62 in ** 4,4.28 in ** 3,2.38 in ** 3,1.2 in,2.76 in ** 4,0.774 in,1.6 in ** 3,0.61 in ** 4,0.68 in ** 6,2.13 in,1,10.5 in ** 4,2.61 in,0.0 in,2.61 in,1.32 in,1.73 in,1.32 in,4.02 in ** 3,4.02 in ** 3,2.09 in ** 3,1.6 in ** 3,2.09 in ** 3,12.0 in,12.0 in,16.0 in
L4X4X1/2,L,12.8 plf,3.75 in ** 2,4.0 in,4.0 in,0.5 in,0.875 in,0.875 in,1.18 in,1.18 in,0.469 in,0.469 in,8,5.52 in ** 4,3.5 in ** 3,1.96 in ** 3,1.21 in,5.52 in ** 4,3.5 in ** 3,1.96 in ** 3,1.21 in,2.25 in ** 4,0.776 in,1.35 in ** 3,0.322 in ** 4,0.366 in ** 6,2.16 in,1,8.79 in ** 4,2.65 in,0.0 in,2.65 in,1.34 in,1.67 in,1.34 in,3.32 in ** 3,3.32 in ** 3,1.68 in ** 3,1.35 in ** 3,1.68 in ** 3,12.0 in,12.0 in,16.0 in
L4X4X7/16,L,11.3 plf,3.3 in ** 2,4.0 in,4.0 in,0.438 in,0.813 in,0.8125 in,1.15 in,1.15 in,0.413 in,0.413 in,9.13,4.93 in ** 4,3.1 in ** 3,1.73 in ** 3,1.22 in,4.93 in ** 4,3.1 in ** 3,1.73 in ** 3,1.22 in,1.99 in ** 4,0.777 in,1.22 in ** 3,0.22 in ** 4,0.252 in ** 6,2.18 in,1,7.86 in ** 4,2.67 in,0.0 in,2.67 in,1.36 in,1.63 in,1.36 in,2.94 in ** 3,2.94 in ** 3,1.46 in ** 3,1.22 in ** 3,1.46 in ** 3,12.0 in,12.0 in,16.0 in
L4X4X3/8,L,9.8 plf,2.86 in ** 2,4.0 in,4.0 in,0.375 in,0.75 in,0.75 in,1.13 in,1.13 in,0.358 in,0.358 in,10.7,4.32 in ** 4,2.69 in ** 3,1.5 in ** 3,1.23 in,4.32 in ** 4,2.69 in ** 3,1.5 in ** 3,1.23 in,1.73 in ** 4,0.779 in,1.08 in ** 3,0.141 in ** 4,0.162 in ** 6,2.19 in,1,6.91 in ** 4,2.7 in,0.0 in,2.7 in,1.36 in,1.6 in,1.36 in,2.56 in ** 3,2.56 in ** 3,1.27 in ** 3,1.08 in ** 3,1.27 in ** 3,12.0 in,12.0 in,16.0 in
L4X4X5/16,L,8.2 plf,2.4 in ** 2,4.0 in,4.0 in,0.313 in,0.688 in,0.6875 in,1.11 in,1.11 in,0.3 in,0.3 in,12.8,3.67 in ** 4,2.26 in ** 3,1.27 in ** 3,1.24 in,3.67 in ** 4,2.26 in ** 3,1.27 in ** 3,1.24 in,1.46 in ** 4,0.781 in,0.93 in ** 3,0.0832 in ** 4,0.0963 in ** 6,2.21 in,1,5.88 in ** 4,2.72 in,0.0 in,2.72 in,1.37 in,1.57 in,1.37 in,2.16 in ** 3,2.16 in ** 3,1.07 in ** 3,0.93 in ** 3,1.07 in ** 3,12.0 in,12.0 in,16.0 in
L4X4X1/4,L,6.6 plf,1.93 in ** 2,4.0 in,4.0 in,0.25 in,0.625 in,0.625 in,1.08 in,1.08 in,0.241 in,0.241 in,16,3.0 in ** 4,1.82 in ** 3,1.03 in ** 3,1.25 in,3.0 in ** 4,1.82 in ** 3,1.03 in ** 3,1.25 in,1.19 in ** 4,0.783 in,0.778 in ** 3,0.0438 in ** 4,0.0505 in ** 6,2.22 in,1,4.82 in ** 4,2.74 in,0.0 in,2.74 in,1.39 in,1.53 in,1.39 in,1.76 in ** 3,1.76 in ** 3,0.856 in ** 3,0.778 in ** 3,0.856 in ** 3,12.0 in,12.0 in,16.0 in
L4X3-1/2X1/2,L,11.9 plf,3.5 in ** 2,3.5 in,4.0 in,0.5 in,0.875 in,0.875 in,0.994 in,1.24 in,0.438 in,0.5 in,8,5.3 in ** 4,3.46 in ** 3,1.92 in ** 3,1.23 in,3.76 in ** 4,2.69 in ** 3,1.5 in ** 3,1.04 in,1.79 in ** 4,0.716 in,1.16 in ** 3,0.301 in ** 4,0.302 in ** 6,2.03 in,0.75,7.26 in ** 4,2.29 in,0.397 in,2.66 in,1.41 in,1.54 in,1.06 in,3.17 in ** 3,2.73 in ** 3,1.27 in ** 3,1.16 in ** 3,1.69 in ** 3,11.5 in,11.0 in,15.0 in
L4X3-1/2X3/8,L,9.1 plf,2.68 in ** 2,3.5 in,4.0 in,0.375 in,0.75 in,0.75 in,0.947 in,1.2 in,0.335 in,0.427 in,10.7,4.15 in ** 4,2.66 in ** 3,1.48 in ** 3,1.25 in,2.96 in ** 4,2.06 in ** 3,1.16 in ** 3,1.05 in,1.39 in ** 4,0.719 in,0.939 in ** 3,0.132 in ** 4,0.134 in ** 6,2.06 in,0.755,5.73 in ** 4,2.35 in,0.387 in,2.69 in,1.43 in,1.48 in,1.08 in,2.44 in ** 3,2.13 in ** 3,0.972 in ** 3,0.939 in ** 3,1.29 in ** 3,11.5 in,11.0 in,15.0 in
L4X3-1/2X5/16,L,7.7 plf,2.25 in ** 2,3.5 in,4.0 in,0.313 in,0.688 in,0.6875 in,0.923 in,1.17 in,0.281 in,0.4 in,12.8,3.53 in ** 4,2.24 in ** 3,1.25 in ** 3,1.25 in,2.52 in ** 4,1.74 in ** 3,0.98 in ** 3,1.06 in,1.16 in ** 4,0.721 in,0.806 in ** 3,0.0782 in ** 4,0.0798 in ** 6,2.08 in,0.757,4.88 in ** 4,2.36 in,0.376 in,2.72 in,1.44 in,1.44 in,1.1 in,2.07 in ** 3,1.79 in ** 3,0.806 in ** 3,0.806 in ** 3,1.05 in ** 3,11.5 in,11.0 in,15.0 in
L4X3-1/2X1/4,L,6.2 plf,1.82 in ** 2,3.5 in,4.0 in,0.25 in,0.625 in,0.625 in,0.897 in,1.14 in,0.228 in,0.36 in,16,2.89 in ** 4,1.81 in ** 3,1.01 in ** 3,1.26 in,2.07 in ** 4,1.4 in ** 3,0.794 in ** 3,1.07 in,0.953 in ** 4,0.723 in,0.653 in ** 3,0.0412 in ** 4,0.0419 in ** 6,2.09 in,0.759,4.01 in ** 4,2.38 in,0.365 in,2.74 in,1.46 in,1.4 in,1.11 in,1.68 in ** 3,1.46 in ** 3,0.653 in ** 3,0.681 in ** 3,0.859 in ** 3,11.5 in,11.0 in,15.0 in
L4X3X5/8,L,13.6 plf,3.99 in ** 2,3.0 in,4.0 in,0.625 in,1.0 in,1.0 in,0.867 in,1.37 in,0.499 in,0.808 in,6.4,6.01 in ** 4,4.08 in ** 3,2.28 in ** 3,1.23 in,2.85 in ** 4,2.45 in ** 3,1.34 in ** 3,0.845 in,1.59 in ** 4,0.631 in,1.13 in ** 3,0.529 in ** 4,0.472 in ** 6,1.91 in,0.534,7.27 in ** 4,1.94 in,0.801 in,2.58 in,1.38 in,1.41 in,0.749 in,3.75 in ** 3,2.82 in ** 3,1.15 in ** 3,1.13 in ** 3,2.12 in ** 3,11.0 in,10.0 in,14.0 in
L4X3X1/2,L,11.1 plf,3.25 in ** 2,3.0 in,4.0 in,0.5 in,0.875 in,0.875 in,0.822 in,1.32 in,0.406 in,0.75 in,8,5.02 in ** 4,3.36 in ** 3,1.87 in ** 3,1.24 in,2.4 in ** 4,1.99 in ** 3,1.1 in ** 3,0.858 in,1.3 in ** 4,0.633 in,0.929 in ** 3,0.281 in ** 4,0.255 in ** 6,1.94 in,0.542,6.12 in ** 4,1.98 in,0.768 in,2.63 in,1.4 in,1.35 in,0.777 in,3.09 in ** 3,2.33 in ** 3,0.929 in ** 3,0.963 in ** 3,1.67 in ** 3,11.0 in,10.0 in,14.0 in
L4X3X3/8,L,8.5 plf,2.49 in ** 2,3.0 in,4.0 in,0.375 in,0.75 in,0.75 in,0.775 in,1.27 in,0.311 in,0.68 in,10.7,3.94 in ** 4,2.6 in ** 3,1.44 in ** 3,1.26 in,1.89 in ** 4,1.52 in ** 3,0.851 in ** 3,0.873 in,1.0 in ** 4,0.636 in,0.699 in ** 3,0.123 in ** 4,0.114 in ** 6,1.97 in,0.551,4.82 in ** 4,2.02 in,0.739 in,2.68 in,1.43 in,1.29 in,0.801 in,2.39 in ** 3,1.8 in ** 3,0.699 in ** 3,0.775 in ** 3,1.25 in ** 3,11.0 in,10.0 in,14.0 in
L4X3X5/16,L,7.2 plf,2.09 in ** 2,3.0 in,4.0 in,0.313 in,0.688 in,0.6875 in,0.75 in,1.25 in,0.261 in,0.656 in,12.8,3.36 in ** 4,2.19 in ** 3,1.22 in ** 3,1.27 in,1.62 in ** 4,1.28 in ** 3,0.721 in ** 3,0.88 in,0.849 in ** 4,0.638 in,0.59 in ** 3,0.0731 in ** 4,0.0676 in ** 6,1.98 in,0.554,4.13 in ** 4,2.05 in,0.73 in,2.69 in,1.44 in,1.26 in,0.814 in,2.01 in ** 3,1.54 in ** 3,0.59 in ** 3,0.674 in ** 3,1.04 in ** 3,11.0 in,10.0 in,14.0 in
L4X3X1/4,L,5.8 plf,1.69 in ** 2,3.0 in,4.0 in,0.25 in,0.625 in,0.625 in,0.725 in,1.22 in,0.211 in,0.62 in,16,2.75 in ** 4,1.77 in ** 3,0.988 in ** 3,1.27 in,1.33 in ** 4,1.03 in ** 3,0.585 in ** 3,0.887 in,0.692 in ** 4,0.639 in,0.474 in ** 3,0.0386 in ** 4,0.0356 in ** 6,1.99 in,0.558,3.39 in ** 4,2.06 in,0.713 in,2.72 in,1.46 in,1.23 in,0.828 in,1.65 in ** 3,1.25 in ** 3,0.474 in ** 3,0.563 in ** 3,0.836 in ** 3,11.0 in,10.0 in,14.0 in
L3-1/2X3-1/2X1/2,L,11.1 plf,3.25 in ** 2,3.5 in,3.5 in,0.5 in,0.875 in,0.875 in,1.05 in,1.05 in,0.464 in,0.464 in,7,3.63 in ** 4,2.66 in ** 3,1.48 in ** 3,1.05 in,3.63 in ** 4,2.66 in ** 3,1.48 in ** 3,1.05 in,1.51 in ** 4,0.679 in,1.02 in ** 3,0.281 in ** 4,0.238 in ** 6,1.87 in,1,5.75 in ** 4,2.3 in,0.0 in,2.3 in,1.17 in,1.48 in,1.17 in,2.5 in ** 3,2.5 in ** 3,1.29 in ** 3,1.02 in ** 3,1.29 in ** 3,10.5 in,10.5 in,14.0 in
L3-1/2X3-1/2X7/16,L,9.8 plf,2.89 in ** 2,3.5 in,3.5 in,0.438 in,0.813 in,0.8125 in,1.03 in,1.03 in,0.413 in,0.413 in,7.99,3.25 in ** 4,2.36 in ** 3,1.32 in ** 3,1.06 in,3.25 in ** 4,2.36 in ** 3,1.32 in ** 3,1.06 in,1.33 in ** 4,0.681 in,0.911 in ** 3,0.192 in ** 4,0.164 in ** 6,1.89 in,1,5.16 in ** 4,2.32 in,0.0 in,2.32 in,1.17 in,1.46 in,1.17 in,2.22 in ** 3,2.22 in ** 3,1.14 in ** 3,0.911 in ** 3,1.14 in ** 3,10.5 in,10.5 in,14.0 in
L3-1/2X3-1/2X3/8,L,8.5 plf,2.5 in ** 2,3.5 in,3.5 in,0.375 in,0.75 in,0.75 in,1.0 in,1.0 in,0.357 in,0.357 in,9.33,2.86 in ** 4,2.06 in ** 3,1.15 in ** 3,1.07 in,2.86 in ** 4,2.06 in ** 3,1.15 in ** 3,1.07 in,1.17 in ** 4,0.683 in,0.83 in ** 3,0.123 in ** 4,0.106 in ** 6,1.9 in,1,4.55 in ** 4,2.34 in,0.0 in,2.34 in,1.19 in,1.41 in,1.19 in,1.94 in ** 3,1.94 in ** 3,0.983 in ** 3,0.83 in ** 3,0.983 in ** 3,10.5 in,10.5 in,14.0 in
L3-1/2X3-1/2X5/16,L,7.2 plf,2.1 in ** 2,3.5 in,3.5 in,0.313 in,0.688 in,0.6875 in,0.979 in,0.979 in,0.3 in,0.3 in,11.2,2.44 in ** 4,1.74 in ** 3,0.969 in ** 3,1.08 in,2.44 in ** 4,1.74 in ** 3,0.969 in ** 3,1.08 in,0.984 in ** 4,0.685 in,0.713 in ** 3,0.0731 in ** 4,0.0634 in ** 6,1.92 in,1,3.89 in ** 4,2.36 in,0.0 in,2.36 in,1.2 in,1.38 in,1.2 in,1.65 in ** 3,1.65 in ** 3,0.82 in ** 3,0.713 in ** 3,0.82 in ** 3,10.5 in,10.5 in,14.0 in
L3-1/2X3-1/2X1/4,L,5.8 plf,1.7 in ** 2,3.5 in,3.5 in,0.25 in,0.625 in,0.625 in,0.954 in,0.954 in,0.243 in,0.243 in,14,2.0 in ** 4,1.41 in ** 3,0.787 in ** 3,1.09 in,2.0 in ** 4,1.41 in ** 3,0.787 in ** 3,1.09 in,0.802 in ** 4,0.688 in,0.594 in ** 3,0.0386 in ** 4,0.0334 in ** 6,1.93 in,1,3.19 in ** 4,2.39 in,0.0 in,2.39 in,1.21 in,1.35 in,1.21 in,1.33 in ** 3,1.33 in ** 3,0.663 in ** 3,0.594 in ** 3,0.663 in ** 3,10.5 in,10.5 in,14.0 in
L3-1/2X3X1/2,L,10.2 plf,3.02 in ** 2,3.0 in,3.5 in,0.5 in,0.875 in,0.875 in,0.869 in,1.12 in,0.431 in,0.48 in,7,3.45 in ** 4,2.61 in ** 3,1.45 in ** 3,1.07 in,2.32 in ** 4,1.97 in ** 3,1.09 in ** 3,0.877 in,1.15 in ** 4,0.618 in,0.846 in ** 3,0.26 in ** 4,0.191 in ** 6,1.75 in,0.713,4.62 in ** 4,1.95 in,0.407 in,2.3 in,1.23 in,1.36 in,0.878 in,2.37 in ** 3,2.01 in ** 3,0.935 in ** 3,0.846 in ** 3,1.31 in ** 3,10.0 in,9.5 in,13.0 in
L3-1/2X3X7/16,L,9.1 plf,2.67 in ** 2,3.0 in,3.5 in,0.438 in,0.813 in,0.8125 in,0.846 in,1.09 in,0.381 in,0.449 in,7.99,3.1 in ** 4,2.32 in ** 3,1.29 in ** 3,1.08 in,2.09 in ** 4,1.75 in ** 3,0.971 in ** 3,0.885 in,1.02 in ** 4,0.62 in,0.773 in ** 3,0.178 in ** 4,0.132 in ** 6,1.76 in,0.717,4.16 in ** 4,1.96 in,0.393 in,2.32 in,1.24 in,1.32 in,0.894 in,2.12 in ** 3,1.79 in ** 3,0.823 in ** 3,0.773 in ** 3,1.14 in ** 3,10.0 in,9.5 in,13.0 in
L3-1/2X3X3/8,L,7.9 plf,2.32 in ** 2,3.0 in,3.5 in,0.375 in,0.75 in,0.75 in,0.823 in,1.07 in,0.331 in,0.407 in,9.33,2.73 in ** 4,2.03 in ** 3,1.12 in ** 3,1.09 in,1.84 in ** 4,1.52 in ** 3,0.847 in ** 3,0.892 in,0.894 in ** 4,0.622 in,0.693 in ** 3,0.114 in ** 4,0.0858 in ** 6,1.78 in,0.72,3.68 in ** 4,1.99 in,0.389 in,2.34 in,1.25 in,1.29 in,0.901 in,1.85 in ** 3,1.57 in ** 3,0.715 in ** 3,0.693 in ** 3,0.992 in ** 3,10.0 in,9.5 in,13.0 in
L3-1/2X3X5/16,L,6.6 plf,1.95 in ** 2,3.0 in,3.5 in,0.313 in,0.688 in,0.6875 in,0.798 in,1.05 in,0.279 in,0.38 in,11.2,2.33 in ** 4,1.72 in ** 3,0.951 in ** 3,1.09 in,1.58 in ** 4,1.28 in ** 3,0.718 in ** 3,0.9 in,0.758 in ** 4,0.624 in,0.602 in ** 3,0.068 in ** 4,0.0512 in ** 6,1.79 in,0.722,3.15 in ** 4,2.01 in,0.383 in,2.36 in,1.26 in,1.26 in,0.916 in,1.57 in ** 3,1.33 in ** 3,0.602 in ** 3,0.602 in ** 3,0.828 in ** 3,10.0 in,9.5 in,13.0 in
L3-1/2X3X1/4,L,5.4 plf,1.58 in ** 2,3.0 in,3.5 in,0.25 in,0.625 in,0.625 in,0.773 in,1.02 in,0.226 in,0.34 in,14,1.92 in ** 4,1.39 in ** 3,0.773 in ** 3,1.1 in,1.3 in ** 4,1.04 in ** 3,0.585 in ** 3,0.908 in,0.622 in ** 4,0.628 in,0.486 in ** 3,0.036 in ** 4,0.027 in ** 6,1.8 in,0.725,2.6 in ** 4,2.03 in,0.374 in,2.39 in,1.28 in,1.22 in,0.928 in,1.28 in ** 3,1.09 in ** 3,0.486 in ** 3,0.51 in ** 3,0.67 in ** 3,10.0 in,9.5 in,13.0 in
L3-1/2X2-1/2X1/2,L,9.4 plf,2.77 in ** 2,2.5 in,3.5 in,0.5 in,0.875 in,0.875 in,0.701 in,1.2 in,0.396 in,0.73 in,7,3.24 in ** 4,2.52 in ** 3,1.41 in ** 3,1.08 in,1.36 in ** 4,1.39 in ** 3,0.756 in ** 3,0.701 in,0.781 in ** 4,0.532 in,0.651 in ** 3,0.234 in ** 4,0.159 in ** 6,1.66 in,0.485,3.82 in ** 4,1.64 in,0.774 in,2.27 in,1.2 in,1.15 in,0.598 in,2.33 in ** 3,1.68 in ** 3,0.651 in ** 3,0.679 in ** 3,1.31 in ** 3,9.5 in,8.5 in,12.0 in
L3-1/2X2-1/2X3/8,L,7.2 plf,2.12 in ** 2,2.5 in,3.5 in,0.375 in,0.75 in,0.75 in,0.655 in,1.15 in,0.303 in,0.673 in,9.33,2.56 in ** 4,1.96 in ** 3,1.09 in ** 3,1.1 in,1.09 in ** 4,1.07 in ** 3,0.589 in ** 3,0.716 in,0.609 in ** 4,0.535 in,0.499 in ** 3,0.103 in ** 4,0.0714 in ** 6,1.69 in,0.495,3.04 in ** 4,1.68 in,0.739 in,2.31 in,1.22 in,1.1 in,0.626 in,1.81 in ** 3,1.32 in ** 3,0.499 in ** 3,0.554 in ** 3,0.973 in ** 3,9.5 in,8.5 in,12.0 in
L3-1/2X2-1/2X5/16,L,6.1 plf,1.79 in ** 2,2.5 in,3.5 in,0.313 in,0.688 in,0.6875 in,0.632 in,1.13 in,0.256 in,0.636 in,11.2,2.2 in ** 4,1.67 in ** 3,0.925 in ** 3,1.11 in,0.937 in ** 4,0.9 in ** 3,0.501 in ** 3,0.723 in,0.518 in ** 4,0.538 in,0.418 in ** 3,0.0611 in ** 4,0.0426 in ** 6,1.71 in,0.5,2.62 in ** 4,1.71 in,0.729 in,2.33 in,1.24 in,1.07 in,0.633 in,1.53 in ** 3,1.12 in ** 3,0.418 in ** 3,0.484 in ** 3,0.818 in ** 3,9.5 in,8.5 in,12.0 in
L3-1/2X2-1/2X1/4,L,4.9 plf,1.45 in ** 2,2.5 in,3.5 in,0.25 in,0.625 in,0.625 in,0.607 in,1.1 in,0.207 in,0.6 in,14,1.81 in ** 4,1.36 in ** 3,0.753 in ** 3,1.12 in,0.775 in ** 4,0.728 in ** 3,0.41 in ** 3,0.731 in,0.426 in ** 4,0.541 in,0.341 in ** 3,0.0322 in ** 4,0.0225 in ** 6,1.72 in,0.504,2.16 in ** 4,1.72 in,0.71 in,2.36 in,1.25 in,1.04 in,0.647 in,1.26 in ** 3,0.915 in ** 3,0.341 in ** 3,0.41 in ** 3,0.658 in ** 3,9.5 in,8.5 in,12.0 in
L3X3X1/2,L,9.4 plf,2.76 in ** 2,3.0 in,3.0 in,0.5 in,0.875 in,0.875 in,0.929 in,0.929 in,0.46 in,0.46 in,6,2.2 in ** 4,1.91 in ** 3,1.06 in ** 3,0.895 in,2.2 in ** 4,1.91 in ** 3,1.06 in ** 3,0.895 in,0.922 in ** 4,0.58 in,0.704 in ** 3,0.23 in ** 4,0.144 in ** 6,1.59 in,1,3.48 in ** 4,1.94 in,0.0 in,1.94 in,0.984 in,1.31 in,0.984 in,1.79 in ** 3,1.79 in ** 3,0.937 in ** 3,0.704 in ** 3,0.937 in ** 3,9.0 in,9.0 in,12.0 in
L3X3X7/16,L,8.3 plf,2.43 in ** 2,3.0 in,3.0 in,0.438 in,0.813 in,0.8125 in,0.907 in,0.907 in,0.405 in,0.405 in,6.85,1.98 in ** 4,1.7 in ** 3,0.946 in ** 3,0.903 in,1.98 in ** 4,1.7 in ** 3,0.946 in ** 3,0.903 in,0.817 in ** 4,0.58 in,0.638 in ** 3,0.157 in ** 4,0.1 in ** 6,1.6 in,1,3.14 in ** 4,1.97 in,0.0 in,1.97 in,0.993 in,1.28 in,0.993 in,1.59 in ** 3,1.59 in ** 3,0.823 in ** 3,0.638 in ** 3,0.823 in ** 3,9.0 in,9.0 in,12.0 in
L3X3X3/8,L,7.2 plf,2.11 in ** 2,3.0 in,3.0 in,0.375 in,0.75 in,0.75 in,0.884 in,0.884 in,0.352 in,0.352 in,8,1.75 in ** 4,1.48 in ** 3,0.825 in ** 3,0.91 in,1.75 in ** 4,1.48 in ** 3,0.825 in ** 3,0.91 in,0.716 in ** 4,0.581 in,0.573 in ** 3,0.101 in ** 4,0.0652 in ** 6,1.62 in,1,2.79 in ** 4,1.99 in,0.0 in,1.99 in,1.0 in,1.25 in,1.0 in,1.4 in ** 3,1.4 in ** 3,0.716 in ** 3,0.573 in ** 3,0.716 in ** 3,9.0 in,9.0 in,12.0 in
L3X3X5/16,L,6.1 plf,1.78 in ** 2,3.0 in,3.0 in,0.313 in,0.688 in,0.6875 in,0.86 in,0.86 in,0.297 in,0.297 in,9.58,1.5 in ** 4,1.26 in ** 3,0.699 in ** 3,0.918 in,1.5 in ** 4,1.26 in ** 3,0.699 in ** 3,0.918 in,0.606 in ** 4,0.583 in,0.497 in ** 3,0.0597 in ** 4,0.039 in ** 6,1.64 in,1,2.4 in ** 4,2.01 in,0.0 in,2.01 in,1.02 in,1.22 in,1.02 in,1.19 in ** 3,1.19 in ** 3,0.594 in ** 3,0.497 in ** 3,0.594 in ** 3,9.0 in,9.0 in,12.0 in
L3X3X1/4,L,4.9 plf,1.44 in ** 2,3.0 in,3.0 in,0.25 in,0.625 in,0.625 in,0.836 in,0.836 in,0.24 in,0.24 in,12,1.23 in ** 4,1.02 in ** 3,0.569 in ** 3,0.926 in,1.23 in ** 4,1.02 in ** 3,0.569 in ** 3,0.926 in,0.49 in ** 4,0.585 in,0.415 in ** 3,0.0313 in ** 4,0.0206 in ** 6,1.65 in,1,1.97 in ** 4,2.03 in,0.0 in,2.03 in,1.03 in,1.18 in,1.03 in,0.97 in ** 3,0.97 in ** 3,0.476 in ** 3,0.415 in ** 3,0.476 in ** 3,9.0 in,9.0 in,12.0 in
L3X3X3/16,L,3.71 plf,1.09 in ** 2,3.0 in,3.0 in,0.188 in,0.563 in,0.5625 in,0.812 in,0.812 in,0.182 in,0.182 in,16,0.948 in ** 4,0.774 in ** 3,0.433 in ** 3,0.933 in,0.948 in ** 4,0.774 in ** 3,0.433 in ** 3,0.933 in,0.373 in ** 4,0.586 in,0.324 in ** 3,0.0136 in ** 4,0.00899 in ** 6,1.67 in,1,1.52 in ** 4,2.05 in,0.0 in,2.05 in,1.04 in,1.15 in,1.04 in,0.741 in ** 3,0.741 in ** 3,0.359 in ** 3,0.324 in ** 3,0.359 in ** 3,9.0 in,9.0 in,12.0 in
L3X2-1/2X1/2,L,8.5 plf,2.5 in ** 2,2.5 in,3.0 in,0.5 in,0.875 in,0.875 in,0.746 in,0.995 in,0.417 in,0.5 in,6,2.07 in ** 4,1.86 in ** 3,1.03 in ** 3,0.91 in,1.29 in ** 4,1.34 in ** 3,0.736 in ** 3,0.718 in,0.665 in ** 4,0.516 in,0.568 in ** 3,0.213 in ** 4,0.112 in ** 6,1.46 in,0.666,2.69 in ** 4,1.59 in,0.414 in,1.94 in,1.05 in,1.17 in,0.7 in,1.69 in ** 3,1.39 in ** 3,0.633 in ** 3,0.568 in ** 3,0.95 in ** 3,8.5 in,8.0 in,11.0 in
L3X2-1/2X7/16,L,7.6 plf,2.22 in ** 2,2.5 in,3.0 in,0.438 in,0.813 in,0.8125 in,0.724 in,0.972 in,0.37 in,0.463 in,6.85,1.87 in ** 4,1.66 in ** 3,0.921 in ** 3,0.917 in,1.17 in ** 4,1.19 in ** 3,0.656 in ** 3,0.724 in,0.594 in ** 4,0.516 in,0.521 in ** 3,0.146 in ** 4,0.0777 in ** 6,1.48 in,0.671,2.45 in ** 4,1.62 in,0.403 in,1.97 in,1.05 in,1.14 in,0.712 in,1.51 in ** 3,1.24 in ** 3,0.566 in ** 3,0.521 in ** 3,0.834 in ** 3,8.5 in,8.0 in,11.0 in
L3X2-1/2X3/8,L,6.6 plf,1.93 in ** 2,2.5 in,3.0 in,0.375 in,0.75 in,0.75 in,0.701 in,0.949 in,0.322 in,0.427 in,8,1.65 in ** 4,1.45 in ** 3,0.803 in ** 3,0.924 in,1.03 in ** 4,1.03 in ** 3,0.573 in ** 3,0.731 in,0.514 in ** 4,0.517 in,0.463 in ** 3,0.0943 in ** 4,0.0507 in ** 6,1.49 in,0.675,2.17 in ** 4,1.64 in,0.395 in,1.99 in,1.07 in,1.11 in,0.72 in,1.32 in ** 3,1.09 in ** 3,0.48 in ** 3,0.463 in ** 3,0.714 in ** 3,8.5 in,8.0 in,11.0 in
L3X2-1/2X5/16,L,5.6 plf,1.63 in ** 2,2.5 in,3.0 in,0.313 in,0.688 in,0.6875 in,0.677 in,0.925 in,0.272 in,0.392 in,9.58,1.41 in ** 4,1.23 in ** 3,0.681 in ** 3,0.932 in,0.888 in ** 4,0.873 in ** 3,0.487 in ** 3,0.739 in,0.435 in ** 4,0.518 in,0.403 in ** 3,0.056 in ** 4,0.0304 in ** 6,1.51 in,0.679,1.86 in ** 4,1.66 in,0.383 in,2.01 in,1.07 in,1.08 in,0.739 in,1.12 in ** 3,0.925 in ** 3,0.407 in ** 3,0.403 in ** 3,0.589 in ** 3,8.5 in,8.0 in,11.0 in
L3X2-1/2X1/4,L,4.5 plf,1.32 in ** 2,2.5 in,3.0 in,0.25 in,0.625 in,0.625 in,0.653 in,0.9 in,0.22 in,0.36 in,12,1.16 in ** 4,1.0 in ** 3,0.555 in ** 3,0.94 in,0.734 in ** 4,0.707 in ** 3,0.397 in ** 3,0.746 in,0.355 in ** 4,0.52 in,0.329 in ** 3,0.0296 in ** 4,0.0161 in ** 6,1.52 in,0.683,1.54 in ** 4,1.68 in,0.373 in,2.03 in,1.08 in,1.05 in,0.753 in,0.917 in ** 3,0.759 in ** 3,0.329 in ** 3,0.338 in ** 3,0.471 in ** 3,8.5 in,8.0 in,11.0 in
L3X2-1/2X3/16,L,3.39 plf,1.0 in ** 2,2.5 in,3.0 in,0.188 in,0.563 in,0.5625 in,0.627 in,0.874 in,0.167 in,0.333 in,16,0.899 in ** 4,0.761 in ** 3,0.423 in ** 3,0.947 in,0.568 in ** 4,0.536 in ** 3,0.303 in ** 3,0.753 in,0.271 in ** 4,0.521 in,0.246 in ** 3,0.013 in ** 4,0.00705 in ** 6,1.54 in,0.687,1.2 in ** 4,1.7 in,0.365 in,2.05 in,1.1 in,1.01 in,0.765 in,0.706 in ** 3,0.585 in ** 3,0.246 in ** 3,0.268 in ** 3,0.354 in ** 3,8.5 in,8.0 in,11.0 in
L3X2X1/2,L,7.7 plf,2.26 in ** 2,2.0 in,3.0 in,0.5 in,0.813 in,0.8125 in,0.58 in,1.08 in,0.377 in,0.74 in,6,1.92 in ** 4,1.78 in ** 3,1.0 in ** 3,0.922 in,0.667 in ** 4,0.887 in ** 3,0.47 in ** 3,0.543 in,0.409 in ** 4,0.425 in,0.411 in ** 3,0.192 in ** 4,0.0908 in ** 6,1.39 in,0.413,2.18 in ** 4,1.31 in,0.776 in,1.9 in,0.995 in,0.949 in,0.429 in,1.66 in ** 3,1.15 in ** 3,0.411 in ** 3,0.431 in ** 3,0.953 in ** 3,8.0 in,7.0 in,10.0 in
L3X2X3/8,L,5.9 plf,1.75 in ** 2,2.0 in,3.0 in,0.375 in,0.688 in,0.6875 in,0.535 in,1.03 in,0.292 in,0.667 in,8,1.54 in ** 4,1.39 in ** 3,0.779 in ** 3,0.937 in,0.539 in ** 4,0.679 in ** 3,0.368 in ** 3,0.555 in,0.319 in ** 4,0.426 in,0.313 in ** 3,0.0855 in ** 4,0.0413 in ** 6,1.42 in,0.426,1.76 in ** 4,1.35 in,0.739 in,1.95 in,1.02 in,0.895 in,0.45 in,1.3 in ** 3,0.903 in ** 3,0.313 in ** 3,0.356 in ** 3,0.709 in ** 3,8.0 in,7.0 in,10.0 in
L3X2X5/16,L,5.0 plf,1.48 in ** 2,2.0 in,3.0 in,0.313 in,0.625 in,0.625 in,0.511 in,1.01 in,0.247 in,0.632 in,9.58,1.32 in ** 4,1.19 in ** 3,0.662 in ** 3,0.945 in,0.467 in ** 4,0.572 in ** 3,0.314 in ** 3,0.562 in,0.271 in ** 4,0.428 in,0.263 in ** 3,0.051 in ** 4,0.0248 in ** 6,1.43 in,0.432,1.52 in ** 4,1.37 in,0.724 in,1.97 in,1.03 in,0.87 in,0.465 in,1.11 in ** 3,0.772 in ** 3,0.263 in ** 3,0.311 in ** 3,0.583 in ** 3,8.0 in,7.0 in,10.0 in
L3X2X1/4,L,4.1 plf,1.2 in ** 2,2.0 in,3.0 in,0.25 in,0.563 in,0.5625 in,0.487 in,0.98 in,0.2 in,0.6 in,12,1.09 in ** 4,0.969 in ** 3,0.541 in ** 3,0.953 in,0.39 in ** 4,0.463 in ** 3,0.258 in ** 3,0.569 in,0.223 in ** 4,0.431 in,0.214 in ** 3,0.027 in ** 4,0.0132 in ** 6,1.45 in,0.437,1.26 in ** 4,1.39 in,0.702 in,2.0 in,1.04 in,0.84 in,0.48 in,0.906 in ** 3,0.63 in ** 3,0.214 in ** 3,0.265 in ** 3,0.465 in ** 3,8.0 in,7.0 in,10.0 in
L3X2X3/16,L,3.07 plf,0.917 in ** 2,2.0 in,3.0 in,0.188 in,0.5 in,0.5 in,0.462 in,0.952 in,0.153 in,0.555 in,16,0.847 in ** 4,0.743 in ** 3,0.414 in ** 3,0.961 in,0.305 in ** 4,0.351 in ** 3,0.198 in ** 3,0.577 in,0.173 in ** 4,0.435 in,0.163 in ** 3,0.0119 in ** 4,0.00576 in ** 6,1.46 in,0.442,0.979 in ** 4,1.41 in,0.683 in,2.02 in,1.06 in,0.808 in,0.493 in,0.694 in ** 3,0.485 in ** 3,0.163 in ** 3,0.214 in ** 3,0.351 in ** 3,8.0 in,7.0 in,10.0 in
L2-1/2X2-1/2X1/2,L,7.7 plf,2.26 in ** 2,2.5 in,2.5 in,0.5 in,0.75 in,0.75 in,0.803 in,0.803 in,0.452 in,0.452 in,5,1.22 in ** 4,1.29 in ** 3,0.716 in ** 3,0.735 in,1.22 in ** 4,1.29 in ** 3,0.716 in ** 3,0.735 in,0.526 in ** 4,0.481 in,0.461 in ** 3,0.188 in ** 4,0.0791 in ** 6,1.3 in,1,1.92 in ** 4,1.59 in,0.0 in,1.59 in,0.809 in,1.14 in,0.809 in,1.21 in ** 3,1.21 in ** 3,0.65 in ** 3,0.461 in ** 3,0.65 in ** 3,7.5 in,7.5 in,10.0 in
L2-1/2X2-1/2X3/8,L,5.9 plf,1.73 in ** 2,2.5 in,2.5 in,0.375 in,0.625 in,0.625 in,0.758 in,0.758 in,0.346 in,0.346 in,6.67,0.972 in ** 4,1.01 in ** 3,0.558 in ** 3,0.749 in,0.972 in ** 4,1.01 in ** 3,0.558 in ** 3,0.749 in,0.4 in ** 4,0.481 in,0.374 in ** 3,0.0833 in ** 4,0.0362 in ** 6,1.33 in,1,1.54 in ** 4,1.64 in,0.0 in,1.64 in,0.828 in,1.07 in,0.828 in,0.939 in ** 3,0.939 in ** 3,0.483 in ** 3,0.374 in ** 3,0.483 in ** 3,7.5 in,7.5 in,10.0 in
L2-1/2X2-1/2X5/16,L,5.0 plf,1.46 in ** 2,2.5 in,2.5 in,0.313 in,0.563 in,0.5625 in,0.735 in,0.735 in,0.292 in,0.292 in,7.99,0.837 in ** 4,0.853 in ** 3,0.474 in ** 3,0.756 in,0.837 in ** 4,0.853 in ** 3,0.474 in ** 3,0.756 in,0.338 in ** 4,0.481 in,0.325 in ** 3,0.0495 in ** 4,0.0218 in ** 6,1.35 in,1,1.34 in ** 4,1.66 in,0.0 in,1.66 in,0.839 in,1.04 in,0.839 in,0.807 in ** 3,0.807 in ** 3,0.403 in ** 3,0.325 in ** 3,0.403 in ** 3,7.5 in,7.5 in,10.0 in
L2-1/2X2-1/2X1/4,L,4.1 plf,1.19 in ** 2,2.5 in,2.5 in,0.25 in,0.5 in,0.5 in,0.711 in,0.711 in,0.238 in,0.238 in,10,0.692 in ** 4,0.695 in ** 3,0.387 in ** 3,0.764 in,0.692 in ** 4,0.695 in ** 3,0.387 in ** 3,0.764 in,0.276 in ** 4,0.482 in,0.273 in ** 3,0.0261 in ** 4,0.0116 in ** 6,1.36 in,1,1.11 in ** 4,1.68 in,0.0 in,1.68 in,0.851 in,1.01 in,0.851 in,0.661 in ** 3,0.661 in ** 3,0.324 in ** 3,0.273 in ** 3,0.324 in ** 3,7.5 in,7.5 in,10.0 in
L2-1/2X2-1/2X3/16,L,3.07 plf,0.901 in ** 2,2.5 in,2.5 in,0.188 in,0.438 in,0.4375 in,0.687 in,0.687 in,0.18 in,0.18 in,13.3,0.535 in ** 4,0.529 in ** 3,0.295 in ** 3,0.771 in,0.535 in ** 4,0.529 in ** 3,0.295 in ** 3,0.771 in,0.209 in ** 4,0.482 in,0.215 in ** 3,0.0114 in ** 4,0.0051 in ** 6,1.38 in,1,0.86 in ** 4,1.7 in,0.0 in,1.7 in,0.863 in,0.972 in,0.863 in,0.506 in ** 3,0.506 in ** 3,0.242 in ** 3,0.215 in ** 3,0.242 in ** 3,7.5 in,7.5 in,10.0 in
L2-1/2X2X3/8,L,5.3 plf,1.55 in ** 2,2.0 in,2.5 in,0.375 in,0.625 in,0.625 in,0.578 in,0.826 in,0.31 in,0.433 in,6.67,0.914 in ** 4,0.982 in ** 3,0.546 in ** 3,0.766 in,0.513 in ** 4,0.657 in ** 3,0.361 in ** 3,0.574 in,0.273 in ** 4,0.419 in,0.295 in ** 3,0.0746 in ** 4,0.0268 in ** 6,1.22 in,0.612,1.15 in ** 4,1.29 in,0.403 in,1.63 in,0.88 in,0.924 in,0.541 in,0.891 in ** 3,0.706 in ** 3,0.31 in ** 3,0.295 in ** 3,0.505 in ** 3,7.0 in,6.5 in,9.0 in
L2-1/2X2X5/16,L,4.5 plf,1.32 in ** 2,2.0 in,2.5 in,0.313 in,0.563 in,0.5625 in,0.555 in,0.803 in,0.264 in,0.388 in,7.99,0.79 in ** 4,0.839 in ** 3,0.465 in ** 3,0.774 in,0.446 in ** 4,0.557 in ** 3,0.309 in ** 3,0.581 in,0.233 in ** 4,0.42 in,0.261 in ** 3,0.0444 in ** 4,0.0162 in ** 6,1.23 in,0.618,1.0 in ** 4,1.31 in,0.391 in,1.65 in,0.889 in,0.894 in,0.554 in,0.763 in ** 3,0.606 in ** 3,0.262 in ** 3,0.261 in ** 3,0.421 in ** 3,7.0 in,6.5 in,9.0 in
L2-1/2X2X1/4,L,3.62 plf,1.07 in ** 2,2.0 in,2.5 in,0.25 in,0.5 in,0.5 in,0.532 in,0.779 in,0.214 in,0.36 in,10,0.656 in ** 4,0.688 in ** 3,0.381 in ** 3,0.782 in,0.372 in ** 4,0.454 in ** 3,0.253 in ** 3,0.589 in,0.192 in ** 4,0.423 in,0.213 in ** 3,0.0235 in ** 4,0.00868 in ** 6,1.25 in,0.624,0.837 in ** 4,1.33 in,0.38 in,1.68 in,0.9 in,0.864 in,0.565 in,0.629 in ** 3,0.498 in ** 3,0.213 in ** 3,0.222 in ** 3,0.34 in ** 3,7.0 in,6.5 in,9.0 in
L2-1/2X2X3/16,L,2.75 plf,0.818 in ** 2,2.0 in,2.5 in,0.188 in,0.438 in,0.4375 in,0.508 in,0.754 in,0.164 in,0.319 in,13.3,0.511 in ** 4,0.529 in ** 3,0.293 in ** 3,0.79 in,0.292 in ** 4,0.347 in ** 3,0.195 in ** 3,0.597 in,0.148 in ** 4,0.426 in,0.162 in ** 3,0.0103 in ** 4,0.00382 in ** 6,1.26 in,0.628,0.654 in ** 4,1.35 in,0.367 in,1.7 in,0.911 in,0.832 in,0.58 in,0.484 in ** 3,0.385 in ** 3,0.162 in ** 3,0.178 in ** 3,0.255 in ** 3,7.0 in,6.5 in,9.0 in
L2-1/2X1-1/2X1/4,L,3.19 plf,0.947 in ** 2,1.5 in,2.5 in,0.25 in,0.5 in,0.5 in,0.372 in,0.866 in,0.189 in,0.606 in,10,0.594 in ** 4,0.644 in ** 3,0.364 in ** 3,0.792 in,0.16 in ** 4,0.261 in ** 3,0.142 in ** 3,0.411 in,0.0977 in ** 4,0.321 in,0.12 in ** 3,0.0209 in ** 4,0.00694 in ** 6,1.19 in,0.354,0.656 in ** 4,1.08 in,0.692 in,1.62 in,0.816 in,0.64 in,0.313 in,0.607 in ** 3,0.405 in ** 3,0.12 in ** 3,0.153 in ** 3,0.312 in ** 3,6.5 in,5.5 in,8.0 in
L2-1/2X1-1/2X3/16,L,2.44 plf,0.724 in ** 2,1.5 in,2.5 in,0.188 in,0.438 in,0.4375 in,0.347 in,0.839 in,0.145 in,0.569 in,13.3,0.464 in ** 4,0.497 in ** 3,0.28 in ** 3,0.801 in,0.126 in ** 4,0.198 in ** 3,0.11 in ** 3,0.418 in,0.0754 in ** 4,0.324 in,0.0906 in ** 3,0.00921 in ** 4,0.00306 in ** 6,1.2 in,0.36,0.514 in ** 4,1.09 in,0.671 in,1.65 in,0.832 in,0.611 in,0.326 in,0.472 in ** 3,0.312 in ** 3,0.0906 in ** 3,0.123 in ** 3,0.231 in ** 3,6.5 in,5.5 in,8.0 in
L2X2X3/8,L,4.7 plf,1.37 in ** 2,2.0 in,2.0 in,0.375 in,0.625 in,0.625 in,0.632 in,0.632 in,0.343 in,0.343 in,5.33,0.476 in ** 4,0.629 in ** 3,0.348 in ** 3,0.591 in,0.476 in ** 4,0.629 in ** 3,0.348 in ** 3,0.591 in,0.203 in ** 4,0.386 in,0.227 in ** 3,0.0658 in ** 4,0.0174 in ** 6,1.05 in,1,0.749 in ** 4,1.28 in,0.0 in,1.28 in,0.653 in,0.894 in,0.653 in,0.585 in ** 3,0.585 in ** 3,0.311 in ** 3,0.227 in ** 3,0.311 in ** 3,6.0 in,6.0 in,8.0 in
L2X2X5/16,L,3.92 plf,1.16 in ** 2,2.0 in,2.0 in,0.313 in,0.563 in,0.5625 in,0.609 in,0.609 in,0.29 in,0.29 in,6.39,0.414 in ** 4,0.537 in ** 3,0.298 in ** 3,0.598 in,0.414 in ** 4,0.537 in ** 3,0.298 in ** 3,0.598 in,0.172 in ** 4,0.386 in,0.2 in ** 3,0.0393 in ** 4,0.0106 in ** 6,1.06 in,1,0.655 in ** 4,1.3 in,0.0 in,1.3 in,0.664 in,0.861 in,0.664 in,0.504 in ** 3,0.504 in ** 3,0.259 in ** 3,0.2 in ** 3,0.259 in ** 3,6.0 in,6.0 in,8.0 in
L2X2X1/4,L,3.19 plf,0.944 in ** 2,2.0 in,2.0 in,0.25 in,0.5 in,0.5 in,0.586 in,0.586 in,0.236 in,0.236 in,8,0.346 in ** 4,0.44 in ** 3,0.244 in ** 3,0.605 in,0.346 in ** 4,0.44 in ** 3,0.244 in ** 3,0.605 in,0.142 in ** 4,0.387 in,0.171 in ** 3,0.0209 in ** 4,0.00572 in ** 6,1.08 in,1,0.551 in ** 4,1.33 in,0.0 in,1.33 in,0.674 in,0.829 in,0.674 in,0.414 in ** 3,0.414 in ** 3,0.211 in ** 3,0.171 in ** 3,0.211 in ** 3,6.0 in,6.0 in,8.0 in
L2X2X3/16,L,2.44 plf,0.722 in ** 2,2.0 in,2.0 in,0.188 in,0.438 in,0.4375 in,0.561 in,0.561 in,0.181 in,0.181 in,10.6,0.271 in ** 4,0.338 in ** 3,0.188 in ** 3,0.612 in,0.271 in ** 4,0.338 in ** 3,0.188 in ** 3,0.612 in,0.109 in ** 4,0.389 in,0.137 in ** 3,0.00921 in ** 4,0.00254 in ** 6,1.09 in,1,0.433 in ** 4,1.35 in,0.0 in,1.35 in,0.687 in,0.793 in,0.687 in,0.321 in ** 3,0.321 in ** 3,0.159 in ** 3,0.137 in ** 3,0.159 in ** 3,6.0 in,6.0 in,8.0 in
L2X2X1/8,L,1.65 plf,0.491 in ** 2,2.0 in,2.0 in,0.125 in,0.375 in,0.375 in,0.534 in,0.534 in,0.123 in,0.123 in,16,0.189 in ** 4,0.23 in ** 3,0.129 in ** 3,0.62 in,0.189 in ** 4,0.23 in ** 3,0.129 in ** 3,0.62 in,0.0756 in ** 4,0.391 in,0.1 in ** 3,0.00293 in ** 4,0.000789 in ** 6,1.1 in,1,0.303 in ** 4,1.37 in,0.0 in,1.37 in,0.703 in,0.755 in,0.703 in,0.221 in ** 3,0.221 in ** 3,0.108 in ** 3,0.1 in ** 3,0.108 in ** 3,6.0 in,6.0 in,8.0 in
